影调编号,适用范围,关联资产,明度,对比,饱和度,色温,黑位,高光,肤色策略,材质策略,空气感,背景清洁度,实景光源,人物融合要求,禁用影调,信息来源,确认状态
BY-TONE-00,项目总影调,全片,中等,中高但保留层次,低至中,按真实场景光源,深而不灰雾,受控不过曝,中性偏暖,低反光功能材质,克制真实,高,各场实际光源,人物与环境共享光向,青橙大片调色;HDR灰雾;霓虹蓝紫,项目锁定;风格推导,待测试确认
BY-TONE-01,人物资产中性验证,BY-CHR-P0-001;BY-CHR-P0-002;BY-CHR-P0-003,中高,低至中,低,4800-5200K,保留眼窝与下颌,皮肤高光柔和,保留毛孔与自然色差,真实织物与毛发,无环境雾,纯净,45度大面积柔光,不使用美容补光,英雄逆光;蜡像皮肤;过度磨皮,阶段1明确;创作者建议,待测试确认
BY-TONE-02,梦舟舱内,BY-SCN-P0-001;BY-LGT-P0-001,中等,中等,低,4300-4800K;屏幕微冷,设备暗部可读,金属与屏幕高光受控,肤色不被青蓝污染,哑光面板;织物;金属;密封材料,封闭干燥无雾,中高,顶侧实用灯;控制台反射,脸与舱壁共享光源,整舱蓝洗;无来源轮廓光;红色危机灯,阶段1明确;风格推导,待母图确认
BY-TONE-03,揽月舱内,BY-SCN-P0-003;BY-LGT-P0-002;BY-LGT-P1-005,中等,中等,低,中性任务光;开舱门时叠加月面反射,暗部保留结构,面板与面窗不过曝,肤色稳定,低反光设备;功能织物,封闭干燥无雾,中高,舱内实用灯;舱门月面反射,人物受光服从舱门和实用灯,红色警报洗墙;科幻灯带,阶段1明确;风格推导,待后续母图确认
BY-TONE-04,月面着陆与作业,BY-SCN-P0-004;BY-LGT-P0-003,中高,高,极低,约5600K太阳光,阴影深但有极弱地表反射,白色与金属高光受控,登月服面窗内肤色后置专项验证,月壤;隔热材料;金属;复合材料,无空气;无雾;无天光,极高,太阳方位225度;高度22度,人物与载具共享固定太阳方向,蓝天;雾;彩色星云;HDR提亮阴影,阶段1明确;科学约束;创作者建议,待母图确认
BY-TONE-05,环月轨道外部,BY-SCN-P1-006;BY-LGT-P1-004,中等,高,极低,约5600K太阳光,太空保持深黑,航天器受光面不过曝,不适用,金属;隔热材料;黑色太空,真空无散射,极高,单一太阳光;有限月球反射,不适用,空气辉光;彩色尾迹;星云,阶段1明确;科学约束,待后续确认
BY-TONE-06,新闻演播室与媒体区,BY-SCN-P1-001;BY-SCN-P1-003;BY-LGT-P1-001,中高,中等,低至中,4600-5200K,背景层次可读,屏幕不过曝,自然可信不过度美容,精纺服装;哑光桌面;屏幕,室内洁净,高,演播室面光;顶部实用光,不做主播美容滤镜,综艺高饱和;霓虹演播室,阶段1明确;风格推导,待后续确认
BY-TONE-07,北京飞控大厅,BY-SCN-P1-004;BY-LGT-P1-003,中等,中等,低,4200-4800K;屏幕微冷,控制台与后排保留层次,屏幕墙高光受控,自然工作肤色,办公内装;磨砂屏幕;低反光控制台,室内真实,中高,顶灯;屏幕墙;席位灯,群像共享顶灯和屏幕反射,蓝色科技展厅;全场高亮,阶段1明确;风格推导,待后续确认
BY-TONE-08,文昌夜间发射,BY-SCN-P1-002;BY-LGT-P1-002;BY-VFX-P1-001,中低,高,低,夜间冷环境＋发动机暖光,夜空深但塔架有层次,火焰可局部高亮不整片溢出,不适用,塔架金属;混凝土;箭体涂层,真实大气与烟羽,中等,场区灯;发动机火焰,现场人物后续服从火焰与场区灯,无烟真空喷焰;彩色焰尾;霓虹夜景,阶段1明确;风格推导,待后续确认
