镜号,场次,场名,时间码,景别／机位,画面动作摘要,所需视觉资产ID,所需人物音色ID,同步声音约束ID,后期文字／图形资产ID,资产状态,专业控制
001,1,月轨相遇,00:00–00:05,黑场／任务字幕,黑场后出现：2029年4月8日；月球轨道；载人登月任务交会段。字幕迅速淡出。,,,BY-SND-P0-002-地月无线电通信质感,BY-SYM-P0-002-艺术化光照偏差推演声明;BY-SYM-P1-001-未来纪实推演标识;BY-SYM-P1-003-任务阶段与时间跳跃标牌,V1.2提取已终审；待阶段2B设计与确认可调用,日期为项目艺术化锁定，不在画面中声称真实发射窗口。
002,1,月轨相遇,00:05–00:12,月轨大全景,月球弧面占画面下方，梦舟与揽月在远处同轨飞行，地球是细小蓝点。,BY-LGT-P1-004-环月轨道太阳光;BY-SCN-P1-006-环月轨道外部环境;BY-VEH-P0-002-揽月完整构型;BY-VEH-P0-005-梦舟月轨组合体,BY-VOI-P1-002-林知夏声音,,,V1.2提取已终审；待阶段2B设计与确认可调用,纪实远景；太阳方位暂不锁定，待日期光照问题决策。
003,1,月轨相遇,00:12–00:20,深空站外景／长焦,佳木斯深空测控站巨型天线缓慢跟踪，值班屏幕叠加两器轨道弧线。,BY-CRO-P1-002-深空测控值班团队;BY-LGT-P1-006-深空测控站任务光;BY-SCN-P1-007-佳木斯66米深空测控站,BY-VOI-P1-004-北京飞控主调度声音;BY-VOI-P1-005-林海深空测控声音,BY-SND-P0-002-地月无线电通信质感,BY-SYM-P1-004-任务轨迹与相位图模板,V1.2提取已终审；待阶段2B设计与确认可调用,建立地面系统，不把任务表现为乘组自说自话。
004,1,月轨相遇,00:20–00:28,梦舟舱内固定中景,刘定槎位于返回舱前上部紧凑工作位，前方是交会界面；后方两张座椅处于空置固定状态但不成为构图中心。,BY-CHR-P0-003-刘定槎;BY-CST-P0-003-刘定槎舱内飞行服;BY-LGT-P0-001-梦舟舱内任务光;BY-PRP-P0-001-梦舟三座椅与束缚系统;BY-PRP-P1-006-舱内操作界面与任务屏;BY-SCN-P0-001-梦舟舱内三座布局;BY-SCN-P0-005-梦舟环月工作位,BY-VOI-P0-003-刘定槎声音;BY-VOI-P1-009-小天任务智能体声音,BY-SND-P0-001-舱内生命保障与设备底噪;BY-SND-P0-002-地月无线电通信质感,BY-SYM-P1-004-任务轨迹与相位图模板,V1.2提取已终审；待阶段2B设计与确认可调用,返回舱内工作位为合理推演；不把服务舱画成载人舱室。
005,1,月轨相遇,00:28–00:40,揽月主观监视器／外景交叉,梦舟对接口在准星中逐渐放大；杨凛微调相对姿态，陈砚核对转移清单。,BY-CHR-P0-001-杨凛;BY-CHR-P0-002-陈砚;BY-CST-P0-001-杨凛舱内飞行服;BY-CST-P0-002-陈砚舱内飞行服;BY-VEH-P0-002-揽月完整构型;BY-VEH-P0-005-梦舟月轨组合体;BY-VFX-P1-002-环月轨道交会与对接,BY-VOI-P0-001-杨凛声音;BY-VOI-P1-004-北京飞控主调度声音,BY-SND-P0-002-地月无线电通信质感;BY-SND-P1-001-舱门对接机构结构传导,,V1.2提取已终审；待阶段2B设计与确认可调用,对接口采用轴向通道的功能表达，不虚构未公开细部机构。
006,2,环月对接,00:40–00:47,北京飞控广角,主屏显示相对距离、闭合速度和姿态误差；飞控席位安静报数。,BY-CRO-P1-001-北京飞控任务团队;BY-LGT-P1-003-飞控大厅任务光;BY-SCN-P0-006-北京飞控大厅与任务主屏,BY-VOI-P1-004-北京飞控主调度声音,BY-SND-P0-002-地月无线电通信质感;BY-SND-P1-008-飞控与测控大厅底噪,BY-SYM-P1-004-任务轨迹与相位图模板,V1.2提取已终审；待阶段2B设计与确认可调用,不使用欢呼和煽情音乐。
007,2,环月对接,00:47–00:54,梦舟交会界面特写,刘定槎观察闭合速度曲线，手在中止键保护框旁待命。,BY-CHR-P0-003-刘定槎;BY-CST-P0-003-刘定槎舱内飞行服;BY-LGT-P0-001-梦舟舱内任务光;BY-PRP-P1-006-舱内操作界面与任务屏;BY-SCN-P0-005-梦舟环月工作位,BY-VOI-P0-003-刘定槎声音;BY-VOI-P1-009-小天任务智能体声音,BY-SND-P0-001-舱内生命保障与设备底噪;BY-SND-P0-002-地月无线电通信质感,BY-SYM-P1-004-任务轨迹与相位图模板,V1.2提取已终审；待阶段2B设计与确认可调用,AI只报融合结果，人工保留中止权。
008,2,环月对接,00:54–01:01,双器外景侧跟,揽月沿轴线缓慢接近，姿控喷气形成极淡羽流。,BY-LGT-P1-004-环月轨道太阳光;BY-SCN-P1-006-环月轨道外部环境;BY-VEH-P0-002-揽月完整构型;BY-VEH-P0-005-梦舟月轨组合体;BY-VFX-P1-002-环月轨道交会与对接;BY-VFX-P1-004-姿控喷流,,BY-SND-P0-002-地月无线电通信质感;BY-SND-P1-001-舱门对接机构结构传导,,V1.2提取已终审；待阶段2B设计与确认可调用,外部喷流视觉克制，不配爆炸式音效。
009,2,环月对接,01:01–01:08,揽月舱内近景,杨凛看一眼陈砚，陈砚以手势确认物品固定。,BY-CHR-P0-001-杨凛;BY-CHR-P0-002-陈砚;BY-CST-P0-001-杨凛舱内飞行服;BY-CST-P0-002-陈砚舱内飞行服;BY-LGT-P0-002-揽月下降任务光;BY-PRP-P1-006-舱内操作界面与任务屏;BY-SCN-P0-003-揽月登月舱舱内,BY-VOI-P0-001-杨凛声音;BY-VOI-P0-002-陈砚声音,BY-SND-P0-001-舱内生命保障与设备底噪;BY-SND-P0-002-地月无线电通信质感,,V1.2提取已终审；待阶段2B设计与确认可调用,人物交流任务化、短句化。
010,2,环月对接,01:08–01:15,对接口监视相机,两器在停泊点短暂停住，十字标线稳定后再次前进。,BY-LGT-P1-004-环月轨道太阳光;BY-SCN-P1-006-环月轨道外部环境;BY-VEH-P0-002-揽月完整构型;BY-VEH-P0-005-梦舟月轨组合体;BY-VFX-P1-002-环月轨道交会与对接,BY-VOI-P1-004-北京飞控主调度声音,BY-SND-P0-002-地月无线电通信质感;BY-SND-P1-001-舱门对接机构结构传导,,V1.2提取已终审；待阶段2B设计与确认可调用,停泊点是安全节点，增加可看性而不制造故障。
011,2,环月对接,01:15–01:23,机械捕获特写／舱内反应,对接环接触、缓冲、拉紧；两舱内仅有轻微振动。,BY-LGT-P0-002-揽月下降任务光;BY-LGT-P1-004-环月轨道太阳光;BY-SCN-P0-003-揽月登月舱舱内;BY-SCN-P1-006-环月轨道外部环境;BY-VEH-P0-002-揽月完整构型;BY-VEH-P0-005-梦舟月轨组合体;BY-VFX-P1-002-环月轨道交会与对接,BY-VOI-P0-001-杨凛声音;BY-VOI-P0-003-刘定槎声音,BY-SND-P0-001-舱内生命保障与设备底噪;BY-SND-P0-002-地月无线电通信质感;BY-SND-P1-001-舱门对接机构结构传导,,V1.2提取已终审；待阶段2B设计与确认可调用,只在舱内表现结构声，太空外景静音。
012,2,环月对接,01:23–01:30,状态屏与飞控交叉,硬连接指示依次转绿，飞控完成密封与姿态复核。,BY-CRO-P1-001-北京飞控任务团队;BY-LGT-P1-003-飞控大厅任务光;BY-SCN-P0-006-北京飞控大厅与任务主屏,BY-VOI-P1-004-北京飞控主调度声音,BY-SND-P0-002-地月无线电通信质感;BY-SND-P1-008-飞控与测控大厅底噪,BY-SYM-P1-004-任务轨迹与相位图模板,V1.2提取已终审；待阶段2B设计与确认可调用,对接成功不等于立即开舱，保留工程步骤。
013,3,人员与任务转移,01:30–01:37,对接通道轴向固定,压力平衡读数稳定，刘定槎打开梦舟前向舱门；对面揽月舱门随后开启。,BY-CHR-P0-003-刘定槎;BY-CST-P0-003-刘定槎舱内飞行服;BY-PRP-P1-005-两器舱门与对接锁止结果件;BY-SCN-P0-002-梦舟对接通道与舱门区,BY-VOI-P0-003-刘定槎声音,BY-SND-P0-002-地月无线电通信质感;BY-SND-P1-001-舱门对接机构结构传导,,V1.2提取已终审；待阶段2B设计与确认可调用,区分侧向地面进出口与前向在轨对接通道。
014,3,人员与任务转移,01:37–01:44,通道中景,陈砚先把任务数据盒与随身救生包送入揽月，所有物品沿固定索传递。,BY-CHR-P0-002-陈砚;BY-CST-P0-002-陈砚舱内飞行服;BY-PRP-P1-005-两器舱门与对接锁止结果件;BY-PRP-P1-007-任务数据盒与随身救生包;BY-SCN-P0-002-梦舟对接通道与舱门区,BY-VOI-P0-002-陈砚声音,BY-SND-P0-002-地月无线电通信质感;BY-SND-P1-001-舱门对接机构结构传导,,V1.2提取已终审；待阶段2B设计与确认可调用,先物品、后人员，避免随意漂浮。
015,3,人员与任务转移,01:44–01:51,梦舟返回舱广角,三把座椅同框。杨凛与陈砚解开座椅约束，刘定槎仍在工作位核对双器状态。,BY-CHR-P0-001-杨凛;BY-CHR-P0-002-陈砚;BY-CHR-P0-003-刘定槎;BY-CST-P0-001-杨凛舱内飞行服;BY-CST-P0-002-陈砚舱内飞行服;BY-CST-P0-003-刘定槎舱内飞行服;BY-LGT-P0-001-梦舟舱内任务光;BY-PRP-P0-001-梦舟三座椅与束缚系统;BY-SCN-P0-001-梦舟舱内三座布局,BY-VOI-P0-001-杨凛声音;BY-VOI-P0-003-刘定槎声音,BY-SND-P0-001-舱内生命保障与设备底噪;BY-SND-P0-002-地月无线电通信质感,,V1.2提取已终审；待阶段2B设计与确认可调用,空座椅不承载离别情绪，只作为回程硬件。
016,3,人员与任务转移,01:51–01:58,通道跟移,杨凛、陈砚依次穿过轴向通道进入揽月；刘定槎在舱口执行人数清点。,BY-CHR-P0-001-杨凛;BY-CHR-P0-002-陈砚;BY-CHR-P0-003-刘定槎;BY-CST-P0-001-杨凛舱内飞行服;BY-CST-P0-002-陈砚舱内飞行服;BY-CST-P0-003-刘定槎舱内飞行服;BY-PRP-P1-005-两器舱门与对接锁止结果件;BY-SCN-P0-002-梦舟对接通道与舱门区,BY-VOI-P0-003-刘定槎声音,BY-SND-P0-002-地月无线电通信质感;BY-SND-P1-001-舱门对接机构结构传导,,V1.2提取已终审；待阶段2B设计与确认可调用,用任务清点替代煽情告别。
017,3,人员与任务转移,01:58–02:05,揽月舱内固定广角,两人固定身体、接通通信和生命保障，核对登月服与月面载荷。,BY-LGT-P0-002-揽月下降任务光;BY-PRP-P1-006-舱内操作界面与任务屏;BY-SCN-P0-003-揽月登月舱舱内,BY-VOI-P0-002-陈砚声音,BY-SND-P0-001-舱内生命保障与设备底噪;BY-SND-P0-002-地月无线电通信质感,,V1.2提取已终审；待阶段2B设计与确认可调用,舱内空间紧凑，不设计可放倒座椅或大面积空舱。
018,3,人员与任务转移,02:05–02:13,梦舟工作位近景,刘定槎关闭通道前快速复核揽月遥测页，屏幕显示两人生命体征。,BY-CHR-P0-003-刘定槎;BY-CST-P0-003-刘定槎舱内飞行服;BY-LGT-P0-001-梦舟舱内任务光;BY-PRP-P1-005-两器舱门与对接锁止结果件;BY-PRP-P1-006-舱内操作界面与任务屏;BY-SCN-P0-002-梦舟对接通道与舱门区;BY-SCN-P0-005-梦舟环月工作位,BY-VOI-P0-003-刘定槎声音;BY-VOI-P1-009-小天任务智能体声音,BY-SND-P0-001-舱内生命保障与设备底噪;BY-SND-P0-002-地月无线电通信质感;BY-SND-P1-001-舱门对接机构结构传导,BY-SYM-P1-004-任务轨迹与相位图模板,V1.2提取已终审；待阶段2B设计与确认可调用,留守人员从返回舱工作位协助，不进入服务舱。
019,3,人员与任务转移,02:13–02:20,舱门结构交叉特写,两侧舱门依次关闭、锁定，压力曲线稳定。,BY-LGT-P0-002-揽月下降任务光;BY-PRP-P1-005-两器舱门与对接锁止结果件;BY-SCN-P0-002-梦舟对接通道与舱门区;BY-SCN-P0-003-揽月登月舱舱内,BY-VOI-P0-001-杨凛声音;BY-VOI-P0-003-刘定槎声音,BY-SND-P0-002-地月无线电通信质感;BY-SND-P1-001-舱门对接机构结构传导,BY-SYM-P1-004-任务轨迹与相位图模板,V1.2提取已终审；待阶段2B设计与确认可调用,不展示未经公开的锁闩细节。
020,4,分离与降轨,02:20–02:26,对接口外部监视相机,锁紧状态解除，揽月轻柔退出；梦舟保持轨道姿态。,BY-LGT-P1-004-环月轨道太阳光;BY-SCN-P1-006-环月轨道外部环境;BY-VEH-P0-002-揽月完整构型;BY-VEH-P0-005-梦舟月轨组合体,BY-VOI-P0-001-杨凛声音;BY-VOI-P0-003-刘定槎声音,BY-SND-P0-002-地月无线电通信质感;BY-SND-P1-001-舱门对接机构结构传导,,V1.2提取已终审；待阶段2B设计与确认可调用,太空外部静音；声音仅来自舱内。
021,4,分离与降轨,02:26–02:32,双器远景,揽月沿安全走廊离开，梦舟转入环月待机轨道。,BY-LGT-P1-004-环月轨道太阳光;BY-SCN-P1-006-环月轨道外部环境;BY-VEH-P0-002-揽月完整构型;BY-VEH-P0-005-梦舟月轨组合体,BY-VOI-P1-004-北京飞控主调度声音,BY-SND-P0-002-地月无线电通信质感,,V1.2提取已终审；待阶段2B设计与确认可调用,一次画面明确分工。
022,4,分离与降轨,02:32–02:39,喀什站／飞控界面,喀什深空站接力，主屏上揽月轨道近月点下降。,BY-CRO-P1-001-北京飞控任务团队;BY-CRO-P1-002-深空测控值班团队;BY-LGT-P1-003-飞控大厅任务光;BY-LGT-P1-006-深空测控站任务光;BY-SCN-P0-006-北京飞控大厅与任务主屏;BY-SCN-P1-008-喀什35米深空测控站,BY-VOI-P1-006-叶河深空测控声音;BY-VOI-P1-007-天衡测轨声音,BY-SND-P0-002-地月无线电通信质感;BY-SND-P1-008-飞控与测控大厅底噪,BY-SYM-P1-004-任务轨迹与相位图模板,V1.2提取已终审；待阶段2B设计与确认可调用,“天衡”为片中VLBI网统一呼号，非官方席位名。
023,4,分离与降轨,02:39–02:46,揽月舱内／推进参数,杨凛确认降轨参数，陈砚闭合下降清单。,BY-CHR-P0-001-杨凛;BY-CHR-P0-002-陈砚;BY-CST-P0-001-杨凛舱内飞行服;BY-CST-P0-002-陈砚舱内飞行服;BY-LGT-P0-002-揽月下降任务光;BY-PRP-P1-006-舱内操作界面与任务屏;BY-SCN-P0-003-揽月登月舱舱内,BY-VOI-P0-001-杨凛声音;BY-VOI-P1-004-北京飞控主调度声音,BY-SND-P0-001-舱内生命保障与设备底噪;BY-SND-P0-002-地月无线电通信质感,BY-SYM-P1-004-任务轨迹与相位图模板,V1.2提取已终审；待阶段2B设计与确认可调用,地面给方案，乘组执行关键指令。
024,4,分离与降轨,02:46–02:53,月轨外景,揽月推进舱点火，组合体进入下降椭圆轨道。,BY-LGT-P1-004-环月轨道太阳光;BY-SCN-P1-006-环月轨道外部环境;BY-VEH-P0-002-揽月完整构型,BY-VOI-P1-004-北京飞控主调度声音,BY-SND-P0-002-地月无线电通信质感;BY-SND-P1-003-发动机舱内结构振动,,V1.2提取已终审；待阶段2B设计与确认可调用,推进舱承担降轨和主要制动。
025,4,分离与降轨,02:53–03:00,构型分离远中景,制动结束后推进舱与着陆器分离，着陆器调整为下降姿态。,BY-LGT-P1-004-环月轨道太阳光;BY-SCN-P1-006-环月轨道外部环境;BY-VEH-P0-002-揽月完整构型;BY-VEH-P0-003-揽月登月舱;BY-VEH-P1-003-揽月推进舱分离状态;BY-VFX-P1-004-姿控喷流,BY-VOI-P0-001-杨凛声音,BY-SND-P0-002-地月无线电通信质感,,V1.2提取已终审；待阶段2B设计与确认可调用,分离时机属合理推演；废弃体去向不作精确公开事实表述。
026,5,动力下降,03:00–03:07,任务字幕／轨道示意,字幕：预选着陆区 11.97°N，3.21°W。轨道图由15公里级下降起点切入实景。,,BY-VOI-P1-004-北京飞控主调度声音,BY-SND-P0-002-地月无线电通信质感,BY-SYM-P1-003-任务阶段与时间跳跃标牌;BY-SYM-P1-004-任务轨迹与相位图模板,V1.2提取已终审；待阶段2B设计与确认可调用,高度数字为影视化区间表达，不冒充最终任务参数。
027,5,动力下降,03:07–03:15,揽月外景侧后方,主发动机建立推力，地平线快速移动，着陆器开始主减速。,BY-LGT-P0-004-月面艺术化任务日光;BY-SCN-P0-004-月面着陆与作业区;BY-VEH-P0-003-揽月登月舱;BY-VFX-P0-001-月面下降羽流与贴地月尘,BY-VOI-P0-001-杨凛声音,BY-SND-P0-002-地月无线电通信质感,,V1.2提取已终审；待阶段2B设计与确认可调用,月外景无空气声；推进声只在舱内以结构传导表现。
028,5,动力下降,03:15–03:22,飞控多屏近景,推力、姿态、剩余推进剂曲线同步滚动，席位口令简短。,BY-CRO-P1-001-北京飞控任务团队;BY-LGT-P1-003-飞控大厅任务光;BY-SCN-P0-006-北京飞控大厅与任务主屏,BY-VOI-P1-004-北京飞控主调度声音;BY-VOI-P1-005-林海深空测控声音,BY-SND-P0-002-地月无线电通信质感;BY-SND-P1-008-飞控与测控大厅底噪,BY-SYM-P1-004-任务轨迹与相位图模板,V1.2提取已终审；待阶段2B设计与确认可调用,让地面系统参与状态闭合。
029,5,动力下降,03:22–03:29,揽月舱内双人中景,两人穿舱内压力服固定在紧凑座椅，杨凛看飞行界面，陈砚监控落区相机与载荷。,BY-CHR-P0-001-杨凛;BY-CHR-P0-002-陈砚;BY-CST-P0-001-杨凛舱内飞行服;BY-CST-P0-002-陈砚舱内飞行服;BY-LGT-P0-002-揽月下降任务光;BY-PRP-P1-006-舱内操作界面与任务屏;BY-SCN-P0-003-揽月登月舱舱内,BY-VOI-P0-002-陈砚声音,BY-SND-P0-001-舱内生命保障与设备底噪;BY-SND-P0-002-地月无线电通信质感,BY-SYM-P1-004-任务轨迹与相位图模板,V1.2提取已终审；待阶段2B设计与确认可调用,舱内无大幅走动。
030,5,动力下降,03:29–03:37,着陆器下视相机,视场从斜向地形过渡到近垂直，火山碎屑暗区、月海玄武岩与撞击坑边界掠过。,BY-LGT-P0-004-月面艺术化任务日光;BY-SCN-P0-004-月面着陆与作业区,BY-VOI-P1-009-小天任务智能体声音,BY-SND-P0-002-地月无线电通信质感,,V1.2提取已终审；待阶段2B设计与确认可调用,地质表达基于候选区公开研究，不锁死具体坑名。
031,5,动力下降,03:37–03:44,北京飞控／轨迹投影,系统把大坑、陡坡和巨石区域标红，候选走廊缩小。,BY-CRO-P1-001-北京飞控任务团队;BY-LGT-P1-003-飞控大厅任务光;BY-SCN-P0-006-北京飞控大厅与任务主屏,BY-VOI-P1-004-北京飞控主调度声音,BY-SND-P0-002-地月无线电通信质感;BY-SND-P1-008-飞控与测控大厅底噪,,V1.2提取已终审；待阶段2B设计与确认可调用,低延迟关键避障由器上完成，地面提前授权并监视。
032,5,动力下降,03:44–03:51,下视图与舱内交叉,候选区A被坡度风险剔除，B区进入优选；杨凛手指停在确认区。,BY-CHR-P0-001-杨凛;BY-CST-P0-001-杨凛舱内飞行服;BY-LGT-P0-002-揽月下降任务光;BY-LGT-P0-004-月面艺术化任务日光;BY-SCN-P0-003-揽月登月舱舱内;BY-SCN-P0-004-月面着陆与作业区,BY-VOI-P0-001-杨凛声音;BY-VOI-P1-009-小天任务智能体声音,BY-SND-P0-001-舱内生命保障与设备底噪;BY-SND-P0-002-地月无线电通信质感,,V1.2提取已终审；待阶段2B设计与确认可调用,AI提出建议，指令长作最终选择。
033,5,动力下降,03:51–03:58,外景近垂直俯视,着陆器小幅横移，下降速度持续收敛。,BY-LGT-P0-004-月面艺术化任务日光;BY-SCN-P0-004-月面着陆与作业区;BY-VEH-P0-003-揽月登月舱,BY-VOI-P0-002-陈砚声音,BY-SND-P0-002-地月无线电通信质感,,V1.2提取已终审；待阶段2B设计与确认可调用,不夸张横向机动。
034,5,动力下降,03:58–04:06,100米级悬停主观,地表纹理几乎静止，激光三维点云覆盖落点，细小岩块被再次标注。,BY-LGT-P0-004-月面艺术化任务日光;BY-SCN-P0-004-月面着陆与作业区,BY-VOI-P1-009-小天任务智能体声音,BY-SND-P0-002-地月无线电通信质感,BY-SYM-P1-004-任务轨迹与相位图模板,V1.2提取已终审；待阶段2B设计与确认可调用,参考无人探测器悬停精避障范式，非照搬嫦娥六号参数。
035,5,动力下降,04:06–04:13,佳木斯／喀什／飞控三切,林海、叶河数据连续，天衡轨道解算与器上导航差值收敛。,BY-CRO-P1-001-北京飞控任务团队;BY-CRO-P1-002-深空测控值班团队;BY-LGT-P1-003-飞控大厅任务光;BY-LGT-P1-006-深空测控站任务光;BY-SCN-P0-006-北京飞控大厅与任务主屏;BY-SCN-P1-007-佳木斯66米深空测控站;BY-SCN-P1-008-喀什35米深空测控站,BY-VOI-P1-005-林海深空测控声音;BY-VOI-P1-006-叶河深空测控声音;BY-VOI-P1-007-天衡测轨声音,BY-SND-P0-002-地月无线电通信质感;BY-SND-P1-008-飞控与测控大厅底噪,,V1.2提取已终审；待阶段2B设计与确认可调用,近月正面着陆区以直达链路为主，不把鹊桥写成唯一链路。
036,5,动力下降,04:13–04:20,舱内近景,杨凛确认最终下降，陈砚切换着陆后电源与通信页面。,BY-CHR-P0-001-杨凛;BY-CHR-P0-002-陈砚;BY-CST-P0-001-杨凛舱内飞行服;BY-CST-P0-002-陈砚舱内飞行服;BY-LGT-P0-002-揽月下降任务光;BY-SCN-P0-003-揽月登月舱舱内,BY-VOI-P0-001-杨凛声音;BY-VOI-P1-004-北京飞控主调度声音,BY-SND-P0-001-舱内生命保障与设备底噪;BY-SND-P0-002-地月无线电通信质感,,V1.2提取已终审；待阶段2B设计与确认可调用,地面确认与器上执行分工清晰。
037,5,动力下降,04:20–04:27,低空外景,着陆器垂直缓降，尘埃沿月面贴地扩散，没有空气涡流。,BY-LGT-P0-004-月面艺术化任务日光;BY-SCN-P0-004-月面着陆与作业区;BY-VEH-P0-003-揽月登月舱;BY-VFX-P0-001-月面下降羽流与贴地月尘,,,,V1.2提取已终审；待阶段2B设计与确认可调用,月尘运动按真空喷流表现；外景静音。
038,5,动力下降,04:27–04:35,着陆腿／舱内交叉,着陆腿接近月面，触地传感器亮起；发动机随即关机，机体一次短促回弹后稳定。,BY-LGT-P0-002-揽月下降任务光;BY-LGT-P0-004-月面艺术化任务日光;BY-SCN-P0-003-揽月登月舱舱内;BY-SCN-P0-004-月面着陆与作业区;BY-VEH-P0-003-揽月登月舱;BY-VFX-P0-002-触月关机与月尘回落,BY-VOI-P0-001-杨凛声音;BY-VOI-P0-002-陈砚声音,BY-SND-P0-001-舱内生命保障与设备底噪;BY-SND-P0-002-地月无线电通信质感;BY-SND-P1-003-发动机舱内结构振动,,V1.2提取已终审；待阶段2B设计与确认可调用,触地—关机—结构稳定三个动作按顺序完成。
039,6,触月确认,04:35–04:42,月面外景固定,月尘缓慢落下，揽月四条着陆腿稳定承载；机体没有继续倾斜。,BY-LGT-P0-004-月面艺术化任务日光;BY-SCN-P0-004-月面着陆与作业区;BY-VEH-P0-003-揽月登月舱;BY-VFX-P0-002-触月关机与月尘回落,,,,V1.2提取已终审；待阶段2B设计与确认可调用,月面无空气传播声。
040,6,触月确认,04:42–04:50,舱内仪表与双人近景,两人保持约束，依次核对倾角、密封和生命保障。,BY-CHR-P0-001-杨凛;BY-CHR-P0-002-陈砚;BY-CST-P0-001-杨凛舱内飞行服;BY-CST-P0-002-陈砚舱内飞行服;BY-LGT-P0-002-揽月下降任务光;BY-SCN-P0-003-揽月登月舱舱内,BY-VOI-P0-001-杨凛声音;BY-VOI-P0-002-陈砚声音,BY-SND-P0-001-舱内生命保障与设备底噪;BY-SND-P0-002-地月无线电通信质感,,V1.2提取已终审；待阶段2B设计与确认可调用,先核状态，后报成功。
041,6,触月确认,04:50–04:58,北京飞控广角,各席位指示依次由黄转绿，最后一个链路状态闭合。,BY-CRO-P1-001-北京飞控任务团队;BY-LGT-P1-003-飞控大厅任务光;BY-SCN-P0-006-北京飞控大厅与任务主屏,BY-VOI-P1-004-北京飞控主调度声音,BY-SND-P0-002-地月无线电通信质感;BY-SND-P1-008-飞控与测控大厅底噪,,V1.2提取已终审；待阶段2B设计与确认可调用,飞控短暂停顿后克制鼓掌，不盖过任务通信。
042,6,触月确认,04:58–05:05,月面大全景,着陆器与远处低矮地形同框，画面角落标出坐标。,BY-LGT-P0-004-月面艺术化任务日光;BY-SCN-P0-004-月面着陆与作业区;BY-VEH-P0-003-揽月登月舱,BY-VOI-P1-002-林知夏声音,,BY-SYM-P1-004-任务轨迹与相位图模板,V1.2提取已终审；待阶段2B设计与确认可调用,不使用史诗音乐；坐标锁定为11.97°N，3.21°W。
043,7,出舱准备,05:05–05:12,时间字幕／舱内延时,字幕：着陆后数小时。两人进食、检查外部光照、热控与设备状态的片段快速叠化。,BY-CHR-P0-001-杨凛;BY-CHR-P0-002-陈砚;BY-CST-P0-001-杨凛舱内飞行服;BY-CST-P0-002-陈砚舱内飞行服;BY-LGT-P0-002-揽月下降任务光;BY-SCN-P0-003-揽月登月舱舱内,,BY-SND-P0-001-舱内生命保障与设备底噪;BY-SND-P0-002-地月无线电通信质感,BY-SYM-P1-003-任务阶段与时间跳跃标牌,V1.2提取已终审；待阶段2B设计与确认可调用,长时间休整用字幕和延时，不假装实时。
044,7,出舱准备,05:12–05:19,登月服准备中景,陈砚协助杨凛检查头盔密封、胸前控制台与背负生命保障；随后两人互换检查。,BY-CHR-P0-001-杨凛;BY-CHR-P0-002-陈砚;BY-CST-P0-004-杨凛望宇登月服;BY-CST-P0-005-陈砚望宇登月服;BY-LGT-P0-002-揽月下降任务光;BY-PRP-P1-006-舱内操作界面与任务屏;BY-SCN-P0-003-揽月登月舱舱内,BY-VOI-P0-001-杨凛声音;BY-VOI-P0-002-陈砚声音,BY-SND-P0-002-地月无线电通信质感;BY-SND-P1-002-登月服内部呼吸与结构声,,V1.2提取已终审；待阶段2B设计与确认可调用,采用中国登月服公开外观：白银主体、红色识别带、方形背负系统。
045,7,出舱准备,05:19–05:27,工具与清单特写,采样袋、相机、照明、国旗组件和应急返回索逐项固定。,BY-LGT-P0-002-揽月下降任务光;BY-PRP-P0-003-便携式月面摄像机;BY-PRP-P0-004-工程化国旗展示装置;BY-PRP-P1-001-月面采样工具;BY-PRP-P1-002-月壤样品容器;BY-PRP-P1-004-月面工具包与载荷固定系统;BY-SCN-P0-003-揽月登月舱舱内;BY-SYM-P0-001-中华人民共和国国旗图形;BY-SYM-P1-005-样品编号与封签模板,BY-VOI-P1-004-北京飞控主调度声音,BY-SND-P0-002-地月无线电通信质感,,V1.2提取已终审；待阶段2B设计与确认可调用,国旗组件只作为任务物品，不提前科普。
046,7,出舱准备,05:27–05:35,舱压曲线／舱门,两人关闭内侧隔离、释放舱压，压力曲线稳定下降。,BY-CHR-P0-001-杨凛;BY-CHR-P0-002-陈砚;BY-CST-P0-004-杨凛望宇登月服;BY-CST-P0-005-陈砚望宇登月服;BY-LGT-P0-002-揽月下降任务光;BY-PRP-P1-006-舱内操作界面与任务屏;BY-SCN-P0-003-揽月登月舱舱内,BY-VOI-P0-001-杨凛声音;BY-VOI-P1-009-小天任务智能体声音,BY-SND-P0-002-地月无线电通信质感;BY-SND-P1-001-舱门对接机构结构传导;BY-SND-P1-002-登月服内部呼吸与结构声,BY-SYM-P1-004-任务轨迹与相位图模板,V1.2提取已终审；待阶段2B设计与确认可调用,AI只做状态提示。
047,7,出舱准备,05:35–05:43,舱外相机固定,外舱门打开，梯子与月面同时进入画面；杨凛先把工具包固定到外平台。,BY-CHR-P0-001-杨凛;BY-CST-P0-004-杨凛望宇登月服;BY-LGT-P0-004-月面艺术化任务日光;BY-LGT-P1-005-揽月开舱门月面反射;BY-PRP-P0-002-揽月舷梯与扶手系统;BY-PRP-P0-003-便携式月面摄像机;BY-SCN-P0-004-月面着陆与作业区;BY-VEH-P0-003-揽月登月舱,,BY-SND-P0-002-地月无线电通信质感;BY-SND-P1-001-舱门对接机构结构传导;BY-SND-P1-002-登月服内部呼吸与结构声,,V1.2提取已终审；待阶段2B设计与确认可调用,声学从舱内切到无线电，不给月面空气声。
048,7,出舱准备,05:43–05:50,梯口近景,杨凛转身进入梯子，陈砚在舱门口执行安全绳与生命保障复核。,BY-CHR-P0-001-杨凛;BY-CHR-P0-002-陈砚;BY-CST-P0-004-杨凛望宇登月服;BY-CST-P0-005-陈砚望宇登月服;BY-LGT-P0-004-月面艺术化任务日光;BY-LGT-P1-005-揽月开舱门月面反射;BY-PRP-P0-002-揽月舷梯与扶手系统;BY-SCN-P0-004-月面着陆与作业区,BY-VOI-P0-001-杨凛声音;BY-VOI-P0-002-陈砚声音,BY-SND-P0-002-地月无线电通信质感;BY-SND-P1-001-舱门对接机构结构传导;BY-SND-P1-002-登月服内部呼吸与结构声,,V1.2提取已终审；待阶段2B设计与确认可调用,人物动作缓慢、重心受限。
049,8,第一步与国旗,05:50–05:57,梯子侧下方固定,杨凛下降至最后一级，靴底悬在月面上方，停顿一秒确认落脚点。,BY-CHR-P0-001-杨凛;BY-CST-P0-004-杨凛望宇登月服;BY-LGT-P0-004-月面艺术化任务日光;BY-PRP-P0-002-揽月舷梯与扶手系统;BY-SCN-P0-004-月面着陆与作业区,,BY-SND-P0-002-地月无线电通信质感;BY-SND-P1-002-登月服内部呼吸与结构声,,V1.2提取已终审；待阶段2B设计与确认可调用,舱外环境静音；不制造脚步空气声。
050,8,第一步与国旗,05:57–06:04,靴底特写,靴底压入细颗粒月壤，尘粒沿低重力短暂抛起后落下。,BY-LGT-P0-004-月面艺术化任务日光;BY-SCN-P0-004-月面着陆与作业区;BY-VFX-P0-003-第一足印月壤形变,BY-VOI-P0-001-杨凛声音;BY-VOI-P1-004-北京飞控主调度声音,BY-SND-P0-002-地月无线电通信质感;BY-SND-P1-002-登月服内部呼吸与结构声,,V1.2提取已终审；待阶段2B设计与确认可调用,不用虚构历史名言。
051,8,第一步与国旗,06:04–06:12,杨凛中远景,杨凛离开梯脚两步，转身观察着陆器并确认活动半径。,BY-CHR-P0-001-杨凛;BY-CST-P0-004-杨凛望宇登月服;BY-LGT-P0-004-月面艺术化任务日光;BY-SCN-P0-004-月面着陆与作业区;BY-VEH-P0-003-揽月登月舱,BY-VOI-P1-004-北京飞控主调度声音,BY-SND-P0-002-地月无线电通信质感;BY-SND-P1-002-登月服内部呼吸与结构声,,V1.2提取已终审；待阶段2B设计与确认可调用,首次报告采用工程状态口径。
052,8,第一步与国旗,06:12–06:20,陈砚下梯／双人构图,陈砚下到月面，杨凛在安全距离处引导；两人完成一次简短互检。,BY-CHR-P0-001-杨凛;BY-CHR-P0-002-陈砚;BY-CST-P0-004-杨凛望宇登月服;BY-CST-P0-005-陈砚望宇登月服;BY-LGT-P0-004-月面艺术化任务日光;BY-PRP-P0-002-揽月舷梯与扶手系统;BY-SCN-P0-004-月面着陆与作业区,BY-VOI-P0-001-杨凛声音;BY-VOI-P0-002-陈砚声音,BY-SND-P0-002-地月无线电通信质感;BY-SND-P1-002-登月服内部呼吸与结构声,,V1.2提取已终审；待阶段2B设计与确认可调用,避免拥抱、跳跃等不专业动作。
053,8,第一步与国旗,06:20–06:27,北京飞控与深空站交叉,飞控屏幕同步两套生命体征与月面视频；佳木斯天线继续跟踪。,BY-CRO-P1-001-北京飞控任务团队;BY-CRO-P1-002-深空测控值班团队;BY-LGT-P0-004-月面艺术化任务日光;BY-LGT-P1-003-飞控大厅任务光;BY-LGT-P1-006-深空测控站任务光;BY-PRP-P0-003-便携式月面摄像机;BY-SCN-P0-004-月面着陆与作业区;BY-SCN-P0-006-北京飞控大厅与任务主屏;BY-SCN-P1-007-佳木斯66米深空测控站,BY-VOI-P1-004-北京飞控主调度声音;BY-VOI-P1-005-林海深空测控声音,BY-SND-P0-002-地月无线电通信质感;BY-SND-P1-008-飞控与测控大厅底噪,BY-SYM-P1-004-任务轨迹与相位图模板,V1.2提取已终审；待阶段2B设计与确认可调用,地面系统继续占有叙事位置。
054,8,第一步与国旗,06:27–06:34,月面器材平台近景,两人取出折叠旗杆和旗面组件，按预定顺序展开。,BY-CHR-P0-001-杨凛;BY-CHR-P0-002-陈砚;BY-CST-P0-004-杨凛望宇登月服;BY-CST-P0-005-陈砚望宇登月服;BY-LGT-P0-004-月面艺术化任务日光;BY-PRP-P0-004-工程化国旗展示装置;BY-SCN-P0-004-月面着陆与作业区;BY-SYM-P0-001-中华人民共和国国旗图形;BY-VEH-P0-003-揽月登月舱,BY-VOI-P0-001-杨凛声音;BY-VOI-P0-002-陈砚声音,BY-SND-P0-002-地月无线电通信质感;BY-SND-P1-002-登月服内部呼吸与结构声,,V1.2提取已终审；待阶段2B设计与确认可调用,任务组只报操作结果，不作材料科普。
055,8,第一步与国旗,06:34–06:41,国旗中景,五星红旗展开后仅有一次结构回弹，随后静止；着陆器位于远处。,BY-LGT-P0-004-月面艺术化任务日光;BY-PRP-P0-004-工程化国旗展示装置;BY-SCN-P0-004-月面着陆与作业区;BY-SYM-P0-001-中华人民共和国国旗图形;BY-VEH-P0-003-揽月登月舱,,,,V1.2提取已终审；待阶段2B设计与确认可调用,无风摆动；旗面图案必须后期校正。
056,8,第一步与国旗,06:41–06:48,飞控媒体区直播中景,林知夏在媒体区，身后大屏是已经展开的国旗实况。,BY-CHR-P1-002-林知夏;BY-CST-P1-004-林知夏记者服装;BY-LGT-P0-004-月面艺术化任务日光;BY-PRP-P0-004-工程化国旗展示装置;BY-SCN-P0-004-月面着陆与作业区;BY-SCN-P1-003-飞控中心媒体区;BY-SYM-P0-001-中华人民共和国国旗图形,BY-VOI-P1-002-林知夏声音,,,V1.2提取已终审；待阶段2B设计与确认可调用,唯一材料科普句；不得追加‘未来月球建设预演’等表述。
057,8,第一步与国旗,06:48–06:55,月面大全景,两名航天员、国旗、揽月与远处地形构成稳定纪实画面，随后切入任务阶段字幕。,BY-CHR-P0-001-杨凛;BY-CHR-P0-002-陈砚;BY-CST-P0-004-杨凛望宇登月服;BY-CST-P0-005-陈砚望宇登月服;BY-LGT-P0-004-月面艺术化任务日光;BY-PRP-P0-004-工程化国旗展示装置;BY-SCN-P0-004-月面着陆与作业区;BY-SYM-P0-001-中华人民共和国国旗图形;BY-VEH-P0-003-揽月登月舱,BY-VOI-P1-004-北京飞控主调度声音,BY-SND-P0-002-地月无线电通信质感;BY-SND-P1-002-登月服内部呼吸与结构声,BY-SYM-P1-003-任务阶段与时间跳跃标牌,V1.2提取已终审；待阶段2B设计与确认可调用,不使用音乐托举。
058,9,月面科学任务,06:55–07:02,时间字幕／延时,字幕：月面驻留第4小时。太阳与阴影位置保持同一任务窗口逻辑，月球车从平台缓慢卸下。,BY-LGT-P0-004-月面艺术化任务日光;BY-SCN-P0-004-月面着陆与作业区;BY-SCN-P1-005-月面后段科考区;BY-VEH-P0-003-揽月登月舱;BY-VEH-P0-004-探索载人月球车;BY-VFX-P1-007-月球车轮迹与低重力扬尘,BY-VOI-P0-002-陈砚声音,BY-SND-P0-002-地月无线电通信质感;BY-SND-P1-002-登月服内部呼吸与结构声;BY-SND-P1-007-月球车设备链路结构声,BY-SYM-P1-003-任务阶段与时间跳跃标牌,V1.2提取已终审；待阶段2B设计与确认可调用,跨时段用字幕，不用快进音效。
059,9,月面科学任务,07:02–07:10,低机位跟拍,月球车轮压出清晰轨迹，两名航天员在安全绳与工具约束下前往第一采样点。,BY-CHR-P0-001-杨凛;BY-CHR-P0-002-陈砚;BY-CST-P0-004-杨凛望宇登月服;BY-CST-P0-005-陈砚望宇登月服;BY-LGT-P0-004-月面艺术化任务日光;BY-PRP-P1-001-月面采样工具;BY-PRP-P1-002-月壤样品容器;BY-SCN-P0-004-月面着陆与作业区;BY-SCN-P1-005-月面后段科考区;BY-SYM-P1-005-样品编号与封签模板;BY-VEH-P0-004-探索载人月球车;BY-VFX-P1-007-月球车轮迹与低重力扬尘,,BY-SND-P0-002-地月无线电通信质感;BY-SND-P1-002-登月服内部呼吸与结构声;BY-SND-P1-007-月球车设备链路结构声,,V1.2提取已终审；待阶段2B设计与确认可调用,月面外景本体静音，声音来源必须是通信或设备结构传感。
060,9,月面科学任务,07:10–07:17,地质特写,陈砚指向颜色较暗的火山碎屑层，杨凛用标尺与相机记录。,BY-CHR-P0-001-杨凛;BY-CHR-P0-002-陈砚;BY-CST-P0-004-杨凛望宇登月服;BY-CST-P0-005-陈砚望宇登月服;BY-LGT-P0-004-月面艺术化任务日光;BY-PRP-P0-003-便携式月面摄像机;BY-SCN-P0-004-月面着陆与作业区;BY-SCN-P1-005-月面后段科考区,BY-VOI-P0-002-陈砚声音,BY-SND-P0-002-地月无线电通信质感;BY-SND-P1-002-登月服内部呼吸与结构声,,V1.2提取已终审；待阶段2B设计与确认可调用,不过度断言现场地质结论。
061,9,月面科学任务,07:17–07:25,北京地质席／月面画面分屏,地质席将落区图与头盔相机画面叠合，标出下一条短距离路线。,BY-LGT-P0-004-月面艺术化任务日光;BY-PRP-P0-003-便携式月面摄像机;BY-SCN-P0-004-月面着陆与作业区;BY-SCN-P1-005-月面后段科考区;BY-SCN-P1-010-北京飞控地质席,BY-VOI-P0-001-杨凛声音;BY-VOI-P1-010-北京地质席声音,BY-SND-P0-002-地月无线电通信质感;BY-SND-P1-002-登月服内部呼吸与结构声,,V1.2提取已终审；待阶段2B设计与确认可调用,体现地面科学团队，而非乘组独立完成全部判断。
062,9,月面科学任务,07:25–07:32,采样手部近景,采样铲取样、装袋、扫码、密封，陈砚口述编号。,BY-CHR-P0-002-陈砚;BY-CST-P0-005-陈砚望宇登月服;BY-LGT-P0-004-月面艺术化任务日光;BY-PRP-P1-001-月面采样工具;BY-PRP-P1-002-月壤样品容器;BY-SCN-P0-004-月面着陆与作业区;BY-SCN-P1-005-月面后段科考区;BY-SYM-P1-005-样品编号与封签模板,BY-VOI-P0-002-陈砚声音,BY-SND-P0-002-地月无线电通信质感;BY-SND-P1-002-登月服内部呼吸与结构声,,V1.2提取已终审；待阶段2B设计与确认可调用,样品链路必须有编号和封装动作。
063,9,月面科学任务,07:32–07:40,梦舟轨道工作位,刘定槎在梦舟用轨道遥感图校核地面路线，并监控下一次通信窗口。,BY-CHR-P0-003-刘定槎;BY-CST-P0-003-刘定槎舱内飞行服;BY-LGT-P0-001-梦舟舱内任务光;BY-PRP-P1-006-舱内操作界面与任务屏;BY-SCN-P0-005-梦舟环月工作位,BY-VOI-P0-003-刘定槎声音,BY-SND-P0-001-舱内生命保障与设备底噪;BY-SND-P0-002-地月无线电通信质感,,V1.2提取已终审；待阶段2B设计与确认可调用,留守人员有专业工作，不靠观看空座椅叙事。
064,9,月面科学任务,07:40–07:47,仪器布设中景,两人布放小型热流/地震类科学载荷并拍摄安装后状态。,BY-CHR-P0-001-杨凛;BY-CHR-P0-002-陈砚;BY-CST-P0-004-杨凛望宇登月服;BY-CST-P0-005-陈砚望宇登月服;BY-LGT-P0-004-月面艺术化任务日光;BY-PRP-P1-003-月面科学观测设备;BY-SCN-P0-004-月面着陆与作业区;BY-SCN-P1-005-月面后段科考区,BY-VOI-P0-001-杨凛声音;BY-VOI-P1-004-北京飞控主调度声音,BY-SND-P0-002-地月无线电通信质感;BY-SND-P1-002-登月服内部呼吸与结构声,,V1.2提取已终审；待阶段2B设计与确认可调用,具体载荷名称保持泛化，避免虚构最终清单。
065,9,月面科学任务,07:47–07:55,时间字幕／路线图,字幕：月面驻留后段。路线图上已完成点逐个亮起，采样箱容量接近上限。,,BY-VOI-P1-004-北京飞控主调度声音,BY-SND-P0-002-地月无线电通信质感,BY-SYM-P1-003-任务阶段与时间跳跃标牌;BY-SYM-P1-004-任务轨迹与相位图模板,V1.2提取已终审；待阶段2B设计与确认可调用,以时间窗制造张力，不设计人为险情。
066,9,月面科学任务,07:55–08:02,月球车与样品箱近景,陈砚把最后一袋样品放入主容器，杨凛复核封签和总质量页。,BY-CHR-P0-001-杨凛;BY-CHR-P0-002-陈砚;BY-CST-P0-004-杨凛望宇登月服;BY-CST-P0-005-陈砚望宇登月服;BY-LGT-P0-004-月面艺术化任务日光;BY-SCN-P0-004-月面着陆与作业区;BY-SCN-P1-005-月面后段科考区;BY-VEH-P0-004-探索载人月球车;BY-VFX-P1-007-月球车轮迹与低重力扬尘,BY-VOI-P0-001-杨凛声音;BY-VOI-P0-002-陈砚声音,BY-SND-P0-002-地月无线电通信质感;BY-SND-P1-002-登月服内部呼吸与结构声;BY-SND-P1-007-月球车设备链路结构声,,V1.2提取已终审；待阶段2B设计与确认可调用,样品先封闭再回程。
067,9,月面科学任务,08:02–08:10,返程远景,两人驾驶/伴随月球车返回揽月，国旗留在远处不动；轨迹在月壤上形成闭环。,BY-CHR-P0-001-杨凛;BY-CHR-P0-002-陈砚;BY-CST-P0-004-杨凛望宇登月服;BY-CST-P0-005-陈砚望宇登月服;BY-LGT-P0-004-月面艺术化任务日光;BY-PRP-P0-004-工程化国旗展示装置;BY-SCN-P0-004-月面着陆与作业区;BY-SCN-P1-005-月面后段科考区;BY-SYM-P0-001-中华人民共和国国旗图形;BY-VEH-P0-003-揽月登月舱;BY-VEH-P0-004-探索载人月球车;BY-VFX-P1-007-月球车轮迹与低重力扬尘,BY-VOI-P1-004-北京飞控主调度声音,BY-SND-P0-002-地月无线电通信质感;BY-SND-P1-002-登月服内部呼吸与结构声;BY-SND-P1-007-月球车设备链路结构声,,V1.2提取已终审；待阶段2B设计与确认可调用,画面承接离月而不煽情。
068,10,返舱与起飞准备,08:10–08:17,舱外平台固定,主样品容器先被固定到转移架，陈砚复核双重锁止。,BY-CHR-P0-002-陈砚;BY-CST-P0-005-陈砚望宇登月服;BY-LGT-P0-004-月面艺术化任务日光;BY-PRP-P0-005-密封样品转移容器;BY-PRP-P1-008-主样品容器编号与固定座;BY-SCN-P0-004-月面着陆与作业区;BY-VEH-P0-003-揽月登月舱,BY-VOI-P0-002-陈砚声音,BY-SND-P0-002-地月无线电通信质感;BY-SND-P1-002-登月服内部呼吸与结构声,,V1.2提取已终审；待阶段2B设计与确认可调用,样品先于人员进入舱内。
069,10,返舱与起飞准备,08:17–08:25,梯口／舱内交叉,杨凛在舱内接应容器，陈砚最后清点外部工具并上梯。,BY-CHR-P0-001-杨凛;BY-CHR-P0-002-陈砚;BY-CST-P0-004-杨凛望宇登月服;BY-CST-P0-005-陈砚望宇登月服;BY-LGT-P0-002-揽月下降任务光;BY-LGT-P0-004-月面艺术化任务日光;BY-PRP-P0-002-揽月舷梯与扶手系统;BY-SCN-P0-003-揽月登月舱舱内;BY-SCN-P0-004-月面着陆与作业区,BY-VOI-P0-001-杨凛声音;BY-VOI-P0-002-陈砚声音,BY-SND-P0-001-舱内生命保障与设备底噪;BY-SND-P0-002-地月无线电通信质感;BY-SND-P1-002-登月服内部呼吸与结构声,,V1.2提取已终审；待阶段2B设计与确认可调用,不遗漏人员与物品清点。
070,10,返舱与起飞准备,08:25–08:32,舱门与舱压特写,舱门关闭，复压曲线缓慢上升；两人先保持登月服密闭。,BY-CHR-P0-001-杨凛;BY-CHR-P0-002-陈砚;BY-CST-P0-004-杨凛望宇登月服;BY-CST-P0-005-陈砚望宇登月服;BY-LGT-P0-002-揽月下降任务光;BY-SCN-P0-003-揽月登月舱舱内,BY-VOI-P1-009-小天任务智能体声音,BY-SND-P0-002-地月无线电通信质感;BY-SND-P1-001-舱门对接机构结构传导;BY-SND-P1-002-登月服内部呼吸与结构声,BY-SYM-P1-004-任务轨迹与相位图模板,V1.2提取已终审；待阶段2B设计与确认可调用,AI为状态提示。
071,10,返舱与起飞准备,08:32–08:40,舱内中景,两人按污染控制流程擦拭外层接口，将样品容器锁入独立固定座。,BY-CHR-P0-001-杨凛;BY-CHR-P0-002-陈砚;BY-CST-P0-004-杨凛望宇登月服;BY-CST-P0-005-陈砚望宇登月服;BY-LGT-P0-002-揽月下降任务光;BY-PRP-P0-005-密封样品转移容器;BY-PRP-P1-006-舱内操作界面与任务屏;BY-PRP-P1-008-主样品容器编号与固定座;BY-PRP-P1-009-污染控制用品;BY-SCN-P0-003-揽月登月舱舱内,BY-VOI-P0-002-陈砚声音,BY-SND-P0-001-舱内生命保障与设备底噪;BY-SND-P0-002-地月无线电通信质感;BY-SND-P1-002-登月服内部呼吸与结构声,,V1.2提取已终审；待阶段2B设计与确认可调用,不展示随意脱服、扬尘。
072,10,返舱与起飞准备,08:40–08:48,北京飞控／轨道窗口,飞控将月面起飞窗口与梦舟轨道相位叠加，天衡给出最终轨道解。,BY-CRO-P1-001-北京飞控任务团队;BY-LGT-P1-003-飞控大厅任务光;BY-SCN-P0-006-北京飞控大厅与任务主屏,BY-VOI-P1-004-北京飞控主调度声音;BY-VOI-P1-007-天衡测轨声音,BY-SND-P0-002-地月无线电通信质感;BY-SND-P1-008-飞控与测控大厅底噪,,V1.2提取已终审；待阶段2B设计与确认可调用,起飞必须与梦舟相位配合。
073,10,返舱与起飞准备,08:48–08:55,揽月双人近景,两人重新固定约束，杨凛确认上升导航，陈砚确认样品和舱压。,BY-CHR-P0-001-杨凛;BY-CHR-P0-002-陈砚;BY-CST-P0-004-杨凛望宇登月服;BY-CST-P0-005-陈砚望宇登月服;BY-LGT-P0-002-揽月下降任务光;BY-PRP-P1-006-舱内操作界面与任务屏;BY-SCN-P0-003-揽月登月舱舱内,BY-VOI-P0-001-杨凛声音;BY-VOI-P1-004-北京飞控主调度声音,BY-SND-P0-002-地月无线电通信质感;BY-SND-P1-002-登月服内部呼吸与结构声,,V1.2提取已终审；待阶段2B设计与确认可调用,不加入倒计时表演。
074,11,月面起飞,08:55–09:01,月面固定任务相机,揽月主发动机点火，尘埃向四周贴地扩散；国旗在安全距离外保持静止。,BY-LGT-P0-004-月面艺术化任务日光;BY-PRP-P0-003-便携式月面摄像机;BY-PRP-P0-004-工程化国旗展示装置;BY-SCN-P0-004-月面着陆与作业区;BY-SYM-P0-001-中华人民共和国国旗图形;BY-VEH-P0-003-揽月登月舱;BY-VEH-P1-004-揽月月面起飞状态;BY-VFX-P0-004-月面起飞羽流与留场余景,BY-VOI-P0-001-杨凛声音,BY-SND-P0-002-地月无线电通信质感;BY-SND-P1-002-登月服内部呼吸与结构声,,V1.2提取已终审；待阶段2B设计与确认可调用,揽月以整体着陆器起飞，不复制阿波罗上升级外形。
075,11,月面起飞,09:01–09:08,远景仰拍,揽月垂直上升后开始俯仰转弯，着陆点迅速缩小。,BY-LGT-P0-004-月面艺术化任务日光;BY-SCN-P0-004-月面着陆与作业区;BY-VEH-P0-003-揽月登月舱;BY-VEH-P1-004-揽月月面起飞状态;BY-VFX-P0-004-月面起飞羽流与留场余景,BY-VOI-P0-002-陈砚声音,BY-SND-P0-002-地月无线电通信质感;BY-SND-P1-002-登月服内部呼吸与结构声,,V1.2提取已终审；待阶段2B设计与确认可调用,旗帜不受空气冲击摆动。
076,11,月面起飞,09:08–09:15,舱内仪表近景,导航速度与高度连续增加，样品容器保持锁定。,BY-LGT-P0-002-揽月下降任务光;BY-PRP-P0-005-密封样品转移容器;BY-PRP-P1-008-主样品容器编号与固定座;BY-SCN-P0-003-揽月登月舱舱内,BY-VOI-P0-001-杨凛声音;BY-VOI-P1-009-小天任务智能体声音,BY-SND-P0-001-舱内生命保障与设备底噪;BY-SND-P0-002-地月无线电通信质感;BY-SND-P1-002-登月服内部呼吸与结构声,,V1.2提取已终审；待阶段2B设计与确认可调用,AI只做走廊判断。
077,11,月面起飞,09:15–09:22,深空站与飞控交叉,佳木斯、喀什接力跟踪，飞控显示梦舟和揽月两条轨道逐渐靠近。,BY-CRO-P1-001-北京飞控任务团队;BY-CRO-P1-002-深空测控值班团队;BY-LGT-P1-003-飞控大厅任务光;BY-LGT-P1-006-深空测控站任务光;BY-SCN-P0-006-北京飞控大厅与任务主屏;BY-SCN-P1-007-佳木斯66米深空测控站;BY-SCN-P1-008-喀什35米深空测控站,BY-VOI-P1-005-林海深空测控声音;BY-VOI-P1-006-叶河深空测控声音,BY-SND-P0-002-地月无线电通信质感;BY-SND-P1-008-飞控与测控大厅底噪,,V1.2提取已终审；待阶段2B设计与确认可调用,体现测控接力。
078,11,月面起飞,09:22–09:29,月轨外景,揽月主发动机关机，器体进入稳定环月轨道并展开交会姿态。,BY-LGT-P1-004-环月轨道太阳光;BY-SCN-P1-006-环月轨道外部环境;BY-VEH-P1-004-揽月月面起飞状态,BY-VOI-P0-001-杨凛声音,BY-SND-P0-002-地月无线电通信质感;BY-SND-P1-002-登月服内部呼吸与结构声,,V1.2提取已终审；待阶段2B设计与确认可调用,不在外景添加关机爆响。
079,11,月面起飞,09:29–09:35,梦舟工作位特写,刘定槎的目标列表出现揽月信标，轨道交会倒计时开始。,BY-CHR-P0-003-刘定槎;BY-CST-P0-003-刘定槎舱内飞行服;BY-LGT-P0-001-梦舟舱内任务光;BY-PRP-P1-006-舱内操作界面与任务屏;BY-SCN-P0-005-梦舟环月工作位,BY-VOI-P0-003-刘定槎声音,BY-SND-P0-001-舱内生命保障与设备底噪;BY-SND-P0-002-地月无线电通信质感,,V1.2提取已终审；待阶段2B设计与确认可调用,把留守人员重新拉回主叙事。
080,12,环月再交会,09:35–09:42,时间字幕／轨道示意,字幕：数小时后，月球轨道。两条轨道经过数次脉冲修正后汇合。,,BY-VOI-P1-004-北京飞控主调度声音,BY-SND-P0-002-地月无线电通信质感,BY-SYM-P1-003-任务阶段与时间跳跃标牌,V1.2提取已终审；待阶段2B设计与确认可调用,长交会过程用字幕和轨道图压缩。
081,12,环月再交会,09:42–09:50,梦舟工作位中景,刘定槎将器上相对导航与地面轨道解叠加，差值在阈值内。,BY-CHR-P0-003-刘定槎;BY-CST-P0-003-刘定槎舱内飞行服;BY-LGT-P0-001-梦舟舱内任务光;BY-PRP-P1-006-舱内操作界面与任务屏;BY-SCN-P0-005-梦舟环月工作位,BY-VOI-P0-003-刘定槎声音,BY-SND-P0-001-舱内生命保障与设备底噪;BY-SND-P0-002-地月无线电通信质感,,V1.2提取已终审；待阶段2B设计与确认可调用,留守人员承担交会关键工作。
082,12,环月再交会,09:50–09:57,揽月舱内双人近景,杨凛、陈砚核对样品固定和对接姿态，外部目标灯进入窗口。,BY-CHR-P0-001-杨凛;BY-CHR-P0-002-陈砚;BY-CST-P0-001-杨凛舱内飞行服;BY-CST-P0-002-陈砚舱内飞行服;BY-LGT-P0-002-揽月下降任务光;BY-PRP-P1-006-舱内操作界面与任务屏;BY-SCN-P0-003-揽月登月舱舱内,BY-VOI-P0-002-陈砚声音,BY-SND-P0-001-舱内生命保障与设备底噪;BY-SND-P0-002-地月无线电通信质感,,V1.2提取已终审；待阶段2B设计与确认可调用,先保证返航载荷安全。
083,12,环月再交会,09:57–10:05,天衡／北京飞控,VLBI网外测解算作为独立校核，飞控批准下一段。,BY-CRO-P1-001-北京飞控任务团队;BY-LGT-P1-003-飞控大厅任务光;BY-LGT-P1-006-深空测控站任务光;BY-SCN-P0-006-北京飞控大厅与任务主屏;BY-SCN-P1-009-VLBI测轨席,BY-VOI-P1-004-北京飞控主调度声音;BY-VOI-P1-007-天衡测轨声音,BY-SND-P0-002-地月无线电通信质感;BY-SND-P1-008-飞控与测控大厅底噪,,V1.2提取已终审；待阶段2B设计与确认可调用,外测是校核，不替代器上导航。
084,12,环月再交会,10:05–10:13,双器外景,揽月接近梦舟，月球快速从背景掠过；姿控喷流短促。,BY-LGT-P1-004-环月轨道太阳光;BY-SCN-P1-006-环月轨道外部环境;BY-VEH-P0-005-梦舟月轨组合体;BY-VEH-P1-005-揽月月轨再对接状态;BY-VFX-P1-002-环月轨道交会与对接;BY-VFX-P1-004-姿控喷流,BY-VOI-P0-003-刘定槎声音,BY-SND-P0-002-地月无线电通信质感,,V1.2提取已终审；待阶段2B设计与确认可调用,外景静音。
085,12,环月再交会,10:13–10:21,梦舟对接监视器,目标十字线进入中心，闭合速度降到极低；小天标出偏差趋势。,BY-LGT-P1-004-环月轨道太阳光;BY-SCN-P1-006-环月轨道外部环境;BY-VEH-P0-005-梦舟月轨组合体;BY-VEH-P1-005-揽月月轨再对接状态;BY-VFX-P1-002-环月轨道交会与对接,BY-VOI-P0-003-刘定槎声音;BY-VOI-P1-009-小天任务智能体声音,BY-SND-P0-002-地月无线电通信质感,,V1.2提取已终审；待阶段2B设计与确认可调用,AI建议需由人确认。
086,12,环月再交会,10:21–10:29,双舱交叉近景,杨凛和刘定槎各自在控制位完成最终确认。,BY-CHR-P0-001-杨凛;BY-CHR-P0-003-刘定槎;BY-CST-P0-001-杨凛舱内飞行服;BY-CST-P0-003-刘定槎舱内飞行服,BY-VOI-P0-001-杨凛声音;BY-VOI-P0-003-刘定槎声音,BY-SND-P0-002-地月无线电通信质感,,V1.2提取已终审；待阶段2B设计与确认可调用,简短对话建立三人重聚前的任务张力。
087,12,环月再交会,10:29–10:37,对接口特写,两器接触、捕获、缓冲和拉紧，状态灯逐项转绿。,BY-LGT-P1-004-环月轨道太阳光;BY-SCN-P1-006-环月轨道外部环境;BY-VEH-P0-005-梦舟月轨组合体;BY-VEH-P1-005-揽月月轨再对接状态;BY-VFX-P1-002-环月轨道交会与对接,BY-VOI-P0-001-杨凛声音;BY-VOI-P0-003-刘定槎声音,BY-SND-P0-002-地月无线电通信质感;BY-SND-P1-001-舱门对接机构结构传导,,V1.2提取已终审；待阶段2B设计与确认可调用,不把接触瞬间等同开舱。
088,12,环月再交会,10:37–10:45,北京飞控广角,飞控完成密封、姿态和轨道状态复核，所有项目闭合。,BY-CRO-P1-001-北京飞控任务团队;BY-LGT-P1-003-飞控大厅任务光;BY-SCN-P0-006-北京飞控大厅与任务主屏,BY-VOI-P1-004-北京飞控主调度声音,BY-SND-P0-002-地月无线电通信质感;BY-SND-P1-008-飞控与测控大厅底噪,,V1.2提取已终审；待阶段2B设计与确认可调用,对接闭环由地面系统确认。
089,13,三人重聚与揽月处置,10:45–10:52,通道轴向固定,压差归零后舱门开启，主样品容器沿固定转移架率先进入梦舟。,BY-PRP-P0-005-密封样品转移容器;BY-PRP-P1-005-两器舱门与对接锁止结果件;BY-PRP-P1-008-主样品容器编号与固定座;BY-SCN-P0-002-梦舟对接通道与舱门区,BY-VOI-P0-002-陈砚声音;BY-VOI-P0-003-刘定槎声音,BY-SND-P0-002-地月无线电通信质感;BY-SND-P1-001-舱门对接机构结构传导,,V1.2提取已终审；待阶段2B设计与确认可调用,样品先于人员，流程可核验。
090,13,三人重聚与揽月处置,10:52–10:59,梦舟返回舱广角,杨凛、陈砚依次回到返回舱，刘定槎完成三人清点；两张空座椅重新成为回程座位。,BY-CHR-P0-001-杨凛;BY-CHR-P0-002-陈砚;BY-CHR-P0-003-刘定槎;BY-CST-P0-001-杨凛舱内飞行服;BY-CST-P0-002-陈砚舱内飞行服;BY-CST-P0-003-刘定槎舱内飞行服;BY-CST-P1-001-杨凛登月服轻度月尘状态;BY-CST-P1-002-陈砚登月服轻度月尘状态;BY-LGT-P0-001-梦舟舱内任务光;BY-PRP-P0-001-梦舟三座椅与束缚系统;BY-SCN-P0-001-梦舟舱内三座布局,BY-VOI-P0-003-刘定槎声音,BY-SND-P0-001-舱内生命保障与设备底噪;BY-SND-P0-002-地月无线电通信质感,,V1.2提取已终审；待阶段2B设计与确认可调用,空座椅只在归队这一刻完成功能闭环。
091,13,三人重聚与揽月处置,10:59–11:06,三人任务近景,三人只做简短点头，立即分工固定人员、样品和登月装备。,BY-CST-P1-001-杨凛登月服轻度月尘状态;BY-CST-P1-002-陈砚登月服轻度月尘状态,BY-VOI-P0-001-杨凛声音,BY-SND-P0-002-地月无线电通信质感,,V1.2提取已终审；待阶段2B设计与确认可调用,不以拥抱或长对白中断程序。
092,13,三人重聚与揽月处置,11:06–11:13,舱门／清单特写,揽月遗留物清点完成，两侧舱门关闭，压力与密封正常。,BY-PRP-P1-005-两器舱门与对接锁止结果件;BY-SCN-P0-002-梦舟对接通道与舱门区,BY-VOI-P0-002-陈砚声音;BY-VOI-P0-003-刘定槎声音,BY-SND-P0-002-地月无线电通信质感;BY-SND-P1-001-舱门对接机构结构传导,,V1.2提取已终审；待阶段2B设计与确认可调用,处置前先清舱。
093,13,三人重聚与揽月处置,11:13–11:21,月轨外景,揽月与梦舟分离，姿控将其送入预定处置轨迹。,BY-LGT-P1-004-环月轨道太阳光;BY-SCN-P1-006-环月轨道外部环境;BY-VEH-P0-005-梦舟月轨组合体;BY-VEH-P1-006-揽月受控处置状态;BY-VFX-P1-004-姿控喷流;BY-VFX-P1-006-揽月受控处置轨迹,BY-VOI-P1-004-北京飞控主调度声音,BY-SND-P0-002-地月无线电通信质感,,V1.2提取已终审；待阶段2B设计与确认可调用,不把揽月和梦舟服务舱组合留轨；具体撞击点不虚构。
094,13,三人重聚与揽月处置,11:21–11:28,梦舟舱内工作位,刘定槎将处置目标从主任务页移除，杨凛开始核对地月返回窗口。,BY-CHR-P0-001-杨凛;BY-CHR-P0-003-刘定槎;BY-CST-P0-001-杨凛舱内飞行服;BY-CST-P0-003-刘定槎舱内飞行服;BY-CST-P1-001-杨凛登月服轻度月尘状态;BY-CST-P1-002-陈砚登月服轻度月尘状态;BY-LGT-P0-001-梦舟舱内任务光;BY-PRP-P0-001-梦舟三座椅与束缚系统;BY-SCN-P0-001-梦舟舱内三座布局,BY-VOI-P1-009-小天任务智能体声音,BY-SND-P0-001-舱内生命保障与设备底噪;BY-SND-P0-002-地月无线电通信质感,,V1.2提取已终审；待阶段2B设计与确认可调用,AI更新解算，地面/乘组决策。
095,13,三人重聚与揽月处置,11:28–11:35,双器远景,梦舟远离月球，揽月沿另一条轨迹渐小；画面转入返地准备。,BY-LGT-P1-004-环月轨道太阳光;BY-SCN-P1-006-环月轨道外部环境;BY-VEH-P0-005-梦舟月轨组合体;BY-VEH-P1-006-揽月受控处置状态;BY-VFX-P1-006-揽月受控处置轨迹,BY-VOI-P1-004-北京飞控主调度声音,BY-SND-P0-002-地月无线电通信质感,,V1.2提取已终审；待阶段2B设计与确认可调用,用轨迹分叉回答两器最终去向。
096,14,踏上归程,11:35–11:42,梦舟外景,梦舟以服务舱朝向机动到地月转移点火姿态，太阳翼和返回舱构型清晰。,BY-LGT-P1-004-环月轨道太阳光;BY-SCN-P1-006-环月轨道外部环境;BY-VEH-P0-005-梦舟月轨组合体;BY-VFX-P1-003-月地转移点火与月球远离,BY-VOI-P0-001-杨凛声音,BY-SND-P0-002-地月无线电通信质感,,V1.2提取已终审；待阶段2B设计与确认可调用,明确服务舱仍承担推进、电源与热控。
097,14,踏上归程,11:42–11:50,北京飞控／深空站,飞控完成窗口和碰撞规避复核，林海与叶河准备连续测控。,BY-CRO-P1-001-北京飞控任务团队;BY-LGT-P1-003-飞控大厅任务光;BY-SCN-P0-006-北京飞控大厅与任务主屏,BY-VOI-P1-004-北京飞控主调度声音;BY-VOI-P1-005-林海深空测控声音,BY-SND-P0-002-地月无线电通信质感;BY-SND-P1-008-飞控与测控大厅底噪,,V1.2提取已终审；待阶段2B设计与确认可调用,不是服务舱自动把“整体送到地球同步轨道”，而是进入地月转移轨道。
098,14,踏上归程,11:50–11:57,服务舱点火外景／舱内,服务舱主发动机点火，月球弧面缓慢后退。,BY-LGT-P1-004-环月轨道太阳光;BY-SCN-P1-006-环月轨道外部环境;BY-VEH-P0-005-梦舟月轨组合体;BY-VFX-P1-003-月地转移点火与月球远离,BY-VOI-P0-003-刘定槎声音,BY-SND-P0-001-舱内生命保障与设备底噪;BY-SND-P0-002-地月无线电通信质感;BY-SND-P1-003-发动机舱内结构振动,,V1.2提取已终审；待阶段2B设计与确认可调用,外景静音；服务舱不载人。
099,14,踏上归程,11:57–12:05,轨迹图／地球方向,地月转移轨迹闭合，发动机关机；地球返回走廊出现在屏幕。,,BY-VOI-P1-007-天衡测轨声音,BY-SND-P0-002-地月无线电通信质感,BY-SYM-P1-004-任务轨迹与相位图模板,V1.2提取已终审；待阶段2B设计与确认可调用,不是地球同步轨道，而是高椭圆地月返回轨迹。
100,14,踏上归程,12:05–12:13,时间字幕／舱内延时,字幕：三天后。三人轮换休息、检查样品与返回舱，地球在舷窗中逐渐变大。,BY-CHR-P0-003-刘定槎;BY-CST-P0-003-刘定槎舱内飞行服,,BY-SND-P0-001-舱内生命保障与设备底噪,BY-SYM-P1-003-任务阶段与时间跳跃标牌,V1.2提取已终审；待阶段2B设计与确认可调用,长航程用字幕和匹配剪辑压缩。
101,14,踏上归程,12:13–12:20,梦舟舱内固定广角,三人换穿舱内压力服并进入返回构型：座椅约束收紧，样品柜锁止，返回清单进入最终页。,BY-CHR-P0-003-刘定槎;BY-CST-P0-003-刘定槎舱内飞行服;BY-LGT-P0-001-梦舟舱内任务光;BY-PRP-P0-001-梦舟三座椅与束缚系统;BY-PRP-P0-005-密封样品转移容器;BY-PRP-P1-008-主样品容器编号与固定座;BY-PRP-P1-010-返回舱样品柜与锁止;BY-SCN-P0-001-梦舟舱内三座布局,BY-VOI-P0-001-杨凛声音,BY-SND-P0-001-舱内生命保障与设备底噪;BY-SND-P0-002-地月无线电通信质感,,V1.2提取已终审；待阶段2B设计与确认可调用,三张座椅均回到承载状态。
102,15,跳跃式再入,12:20–12:27,梦舟外景／构型示意,近地再入前，服务舱关闭主供能并与返回舱分离；返回舱独立调整防热大底朝向。,BY-SCN-P0-007-返回舱再入视觉环境;BY-VEH-P0-006-梦舟返回舱独立再入构型;BY-VEH-P1-007-梦舟服务舱近地分离状态;BY-VFX-P1-004-姿控喷流,BY-VOI-P0-003-刘定槎声音;BY-VOI-P1-004-北京飞控主调度声音,BY-SND-P0-002-地月无线电通信质感;BY-SND-P1-004-再入结构与通信衰减,,V1.2提取已终审；待阶段2B设计与确认可调用,只有返回舱再入；服务舱完成使命后处置。
103,15,跳跃式再入,12:27–12:35,返回舱内三人固定,三人穿舱内压力服紧贴座椅，面前仪表显示接近每秒十一公里量级的月地返回速度与再入走廊。,BY-CHR-P0-003-刘定槎;BY-CST-P0-003-刘定槎舱内飞行服;BY-LGT-P0-001-梦舟舱内任务光;BY-PRP-P0-001-梦舟三座椅与束缚系统;BY-SCN-P0-001-梦舟舱内三座布局;BY-VFX-P1-004-姿控喷流,BY-VOI-P0-001-杨凛声音;BY-VOI-P1-009-小天任务智能体声音,BY-SND-P0-001-舱内生命保障与设备底噪;BY-SND-P0-002-地月无线电通信质感;BY-SND-P1-003-发动机舱内结构振动;BY-SND-P1-004-再入结构与通信衰减,,V1.2提取已终审；待阶段2B设计与确认可调用,不把“第一宇宙速度”写成发动机主动刹车目标。
104,15,跳跃式再入,12:35–12:43,第一次再入外景／飞控,返回舱擦入高层大气，防热大底形成等离子辉光；飞控监视升阻控制。,BY-CRO-P1-001-北京飞控任务团队;BY-LGT-P0-005-返回舱再入等离子辉光;BY-LGT-P1-003-飞控大厅任务光;BY-SCN-P0-006-北京飞控大厅与任务主屏;BY-SCN-P0-007-返回舱再入视觉环境;BY-VEH-P0-006-梦舟返回舱独立再入构型;BY-VFX-P0-005-返回舱等离子辉光与黑障视觉;BY-VFX-P1-005-半弹道跳跃式再入轨迹,BY-VOI-P1-004-北京飞控主调度声音,BY-SND-P0-002-地月无线电通信质感;BY-SND-P1-004-再入结构与通信衰减;BY-SND-P1-008-飞控与测控大厅底噪,,V1.2提取已终审；待阶段2B设计与确认可调用,采用半弹道跳跃式再入作为基于嫦娥返回技术的合理推演。
105,15,跳跃式再入,12:43–12:50,轨迹示意／地球弧面,返回舱在升力控制下短暂跃出稠密大气，速度和热流显著降低，轨迹再次下弯。,BY-SCN-P0-007-返回舱再入视觉环境;BY-VEH-P0-006-梦舟返回舱独立再入构型;BY-VFX-P1-005-半弹道跳跃式再入轨迹,BY-VOI-P1-002-林知夏声音,BY-SND-P1-004-再入结构与通信衰减,,V1.2提取已终审；待阶段2B设计与确认可调用,一句科普，不用错误说法‘减速到同步轨道’。
106,15,跳跃式再入,12:50–12:58,第二次再入／舱内,等离子辉光再次包围舱体，通信信号逐步衰减；三人按预定姿态承受过载。,BY-CHR-P0-003-刘定槎;BY-CST-P0-003-刘定槎舱内飞行服;BY-LGT-P0-005-返回舱再入等离子辉光;BY-SCN-P0-007-返回舱再入视觉环境;BY-VEH-P0-006-梦舟返回舱独立再入构型;BY-VFX-P0-005-返回舱等离子辉光与黑障视觉;BY-VFX-P1-005-半弹道跳跃式再入轨迹,BY-VOI-P1-004-北京飞控主调度声音,BY-SND-P0-001-舱内生命保障与设备底噪;BY-SND-P0-002-地月无线电通信质感;BY-SND-P1-004-再入结构与通信衰减,,V1.2提取已终审；待阶段2B设计与确认可调用,黑障用信号中断制造张力，不虚构故障。
107,15,跳跃式再入,12:58–13:05,北京飞控与测控屏,通信窗口暂时无语音，外测轨迹仍在推进；预计恢复点逼近。,BY-CRO-P1-001-北京飞控任务团队;BY-LGT-P1-003-飞控大厅任务光;BY-SCN-P0-006-北京飞控大厅与任务主屏,,BY-SND-P1-008-飞控与测控大厅底噪,,V1.2提取已终审；待阶段2B设计与确认可调用,地面不能因黑障失去全部轨迹预报。
108,15,跳跃式再入,13:05–13:13,返回舱外景／通信恢复,辉光减弱，天线恢复工作；稳定伞、主伞按程序展开，舱体下降姿态稳定。,BY-LGT-P0-005-返回舱再入等离子辉光;BY-SCN-P0-007-返回舱再入视觉环境;BY-VEH-P0-006-梦舟返回舱独立再入构型;BY-VEH-P0-007-返回舱群伞气囊着陆构型;BY-VFX-P0-005-返回舱等离子辉光与黑障视觉;BY-VFX-P0-006-稳定伞与主伞展开,BY-VOI-P0-003-刘定槎声音;BY-VOI-P1-004-北京飞控主调度声音,BY-SND-P0-002-地月无线电通信质感;BY-SND-P1-004-再入结构与通信衰减;BY-SND-P1-005-降落伞与着陆冲击,,V1.2提取已终审；待阶段2B设计与确认可调用,开伞高度与伞型保持泛化，避免冒充最终设计。
109,15,跳跃式再入,13:13–13:20,低空／着陆特写,返回舱按预定程序完成着陆构型转换，气囊充气后触地，短距离滚摆并稳定。,BY-LGT-P1-007-搜救着陆区日间自然光;BY-SCN-P0-008-预定着陆区与搜救现场;BY-VEH-P0-007-返回舱群伞气囊着陆构型;BY-VFX-P0-007-气囊触地滚摆,BY-VOI-P1-008-搜救指挥声音,BY-SND-P1-005-降落伞与着陆冲击,,V1.2提取已终审；待阶段2B设计与确认可调用,陆上群伞/气囊为艺术化方案，最终着陆方式尚未公开锁定。
110,16,平安归来,13:20–13:27,搜救指挥屏／航拍,落点椭圆迅速收敛，直升机与地面车辆沿不同路线接近返回舱。,BY-CRO-P1-003-搜救与医疗团队;BY-LGT-P1-007-搜救着陆区日间自然光;BY-SCN-P0-008-预定着陆区与搜救现场;BY-SCN-P1-011-搜救指挥中心;BY-VEH-P0-007-返回舱群伞气囊着陆构型;BY-VEH-P1-008-搜救直升机与地面车辆,BY-VOI-P1-008-搜救指挥声音,BY-SND-P1-006-搜救现场声,,V1.2提取已终审；待阶段2B设计与确认可调用,不把搜救简化为单一车队。
111,16,平安归来,13:27–13:35,返回舱外景手持长焦,搜救队抵达，先检查舱体温度、推进剂/电气安全和周边环境，再接近舱门。,BY-CRO-P1-003-搜救与医疗团队;BY-LGT-P1-007-搜救着陆区日间自然光;BY-PRP-P1-011-返回舱信标与现场安全工具;BY-SCN-P0-008-预定着陆区与搜救现场;BY-VEH-P0-007-返回舱群伞气囊着陆构型,BY-VOI-P1-011-现场指挥声音,BY-SND-P1-001-舱门对接机构结构传导;BY-SND-P1-006-搜救现场声,,V1.2提取已终审；待阶段2B设计与确认可调用,先安全处置，后开舱。
112,16,平安归来,13:35–13:43,舱门与医疗组中景,舱门开启，医疗人员建立通风与通信；杨凛首先回应，另外两人状态同步确认。,BY-CHR-P0-001-杨凛;BY-CRO-P1-003-搜救与医疗团队;BY-CST-P0-001-杨凛舱内飞行服;BY-LGT-P1-007-搜救着陆区日间自然光;BY-SCN-P0-008-预定着陆区与搜救现场;BY-VEH-P0-007-返回舱群伞气囊着陆构型,BY-VOI-P0-001-杨凛声音,BY-SND-P0-002-地月无线电通信质感;BY-SND-P1-001-舱门对接机构结构传导;BY-SND-P1-006-搜救现场声,,V1.2提取已终审；待阶段2B设计与确认可调用,避免航天员立即站立庆祝。
113,16,平安归来,13:43–13:52,北京飞控／回收现场交叉,飞控主屏同时出现三名航天员状态和样品容器接收确认；大厅克制鼓掌。,BY-CRO-P1-001-北京飞控任务团队;BY-CRO-P1-003-搜救与医疗团队;BY-LGT-P1-003-飞控大厅任务光;BY-LGT-P1-007-搜救着陆区日间自然光;BY-PRP-P0-005-密封样品转移容器;BY-PRP-P1-008-主样品容器编号与固定座;BY-SCN-P0-006-北京飞控大厅与任务主屏;BY-SCN-P0-008-预定着陆区与搜救现场;BY-VEH-P0-007-返回舱群伞气囊着陆构型,BY-VOI-P1-004-北京飞控主调度声音,BY-SND-P0-002-地月无线电通信质感;BY-SND-P1-006-搜救现场声;BY-SND-P1-008-飞控与测控大厅底噪,BY-SYM-P1-004-任务轨迹与相位图模板,V1.2提取已终审；待阶段2B设计与确认可调用,以系统闭合而非个人口号收束。
114,16,平安归来,13:52–14:00,片尾纪实定格／说明,返回舱、搜救人员与远处天空构成终景。随后字幕：本片为未来任务艺术化推演，日期、呼号、口令及未公开技术细节不代表正式任务方案。,BY-CRO-P1-003-搜救与医疗团队;BY-LGT-P1-007-搜救着陆区日间自然光;BY-SCN-P0-008-预定着陆区与搜救现场;BY-VEH-P0-007-返回舱群伞气囊着陆构型,,BY-SND-P1-006-搜救现场声,BY-SYM-P0-002-艺术化光照偏差推演声明;BY-SYM-P1-001-未来纪实推演标识,V1.2提取已终审；待阶段2B设计与确认可调用,片尾说明不计入14分钟正片；不得附加未经确认的纪念文案。
