镜号,场次,场名,时间码,时长秒,景别／机位,画面动作摘要,关键状态／变体,摄影来源等级,所需视觉资产ID,所需人物音色ID,同步声音约束ID,后期文字／图形资产ID,资产状态,专业控制
001,01,直播一开场：两器即将对接,00:00:00–00:00:12,12,黑场／后期字幕,黑场依次出现：本片依据截至2026年的公开信息，对中国首次载人登月进行未来纪实推演；人物、日期、呼号及未公开任务细节均为艺术创作，不代表官方方案。,常规任务状态,D｜后期字幕／解释图卡,BY-REL-P1-007-摄影来源证据层级,,BY-REL-P1-003-声音来源真实性,BY-SYM-P0-002-艺术化光照偏差推演声明;BY-SYM-P1-001-未来纪实推演标识;BY-SYM-P1-003-任务阶段与时间跳跃标牌,阶段1映射完成｜阶段2B按镜头状态调用,字幕后期制作；给足完整阅读时间。
002,01,直播一开场：两器即将对接,00:00:12–00:00:17,5,黑场转深空／后期字幕,字幕：2029年4月6日，月球轨道。画面转为月球弧面与黑色深空。,常规任务状态,D｜后期字幕／解释图卡,BY-LGT-P1-004-环月轨道太阳光;BY-REL-P1-007-摄影来源证据层级;BY-REL-P1-010-地月视觉尺度连续性;BY-SCN-P1-006-环月轨道外部环境,,BY-REL-P1-003-声音来源真实性,BY-SYM-P1-003-任务阶段与时间跳跃标牌,阶段1映射完成｜阶段2B按镜头状态调用,日期属于本片艺术时间线。
003,01,直播一开场：两器即将对接,00:00:17–00:00:27,10,媒体区直播中景,林知夏站在固定媒体位，身后玻璃与大屏可见北京飞控中心工作状态。,常规任务状态,B｜地面直播／测控任务机位,BY-CHR-P1-002-林知夏;BY-CRO-P1-001-北京飞控任务团队;BY-CST-P1-004-林知夏记者服装;BY-LGT-P1-003-飞控大厅任务光;BY-LGT-P1-008-飞控媒体区直播光;BY-REL-P1-007-摄影来源证据层级;BY-REL-P1-008-三段直播结构链;BY-SCN-P0-006-北京飞控大厅与任务主屏;BY-SCN-P1-003-飞控中心媒体区,BY-VOI-P1-002-林知夏声音,BY-REL-P1-003-声音来源真实性;BY-SND-P1-008-飞控与测控大厅底噪;BY-SND-P1-009-媒体区直播现场声,BY-SYM-P1-007-直播进口出口与倒计时,阶段1映射完成｜阶段2B按镜头状态调用,记者不进入飞控工作大厅；台词保留起句和收句余量。
004,01,直播一开场：两器即将对接,00:00:27–00:00:39,12,月轨双器远景／视觉重建,月球弧面占画面下方，梦舟与揽月沿同一轨道方向飞行；远处地球是有清晰直径的蓝白色圆盘。画面角落标注：基于实时遥测的视觉重建。,遥测视觉重建｜角标常驻,C｜显式遥测视觉重建,BY-LGT-P1-004-环月轨道太阳光;BY-REL-P0-005-揽月构型状态链;BY-REL-P1-007-摄影来源证据层级;BY-REL-P1-010-地月视觉尺度连续性;BY-SCN-P1-006-环月轨道外部环境;BY-VEH-P0-001-梦舟载人飞船;BY-VEH-P0-002-揽月完整构型;BY-VEH-P0-003-揽月登月舱;BY-VFX-P1-008-遥测视觉重建合成,BY-VOI-P1-002-林知夏声音,BY-REL-P1-003-声音来源真实性,BY-SYM-P1-006-视觉重建来源标识,阶段1映射完成｜阶段2B按镜头状态调用,不伪装成物理外拍机位；地球不能表现为小蓝点。
005,01,直播一开场：两器即将对接,00:00:39–00:00:48,9,梦舟舱内后向广角,三名航天员全部固定在梦舟三把座椅上；杨凛居中统筹，刘定槎监看相对导航，陈砚核对揽月遥测和转移清单。,梦舟A｜三座满员／对接前,A｜航天器／宇航服／月面真实任务机位推演,BY-ANM-P0-001-梦舟四种乘员状态;BY-CHR-P0-001-杨凛;BY-CHR-P0-002-陈砚;BY-CHR-P0-003-刘定槎;BY-CST-P0-001-杨凛舱内飞行服;BY-CST-P0-002-陈砚舱内飞行服;BY-CST-P0-003-刘定槎舱内飞行服;BY-LGT-P0-001-梦舟舱内任务光;BY-PRP-P0-001-梦舟三座椅与束缚系统;BY-PRP-P1-005-两器舱门与对接锁止结果件;BY-PRP-P1-006-舱内操作界面与任务屏;BY-REL-P0-005-揽月构型状态链;BY-REL-P0-009-梦舟三座返航承载与环月工作位;BY-REL-P0-010-梦舟轴向转移顺序;BY-REL-P1-002-两侧舱门顺序;BY-REL-P1-007-摄影来源证据层级;BY-SCN-P0-001-梦舟舱内三座布局;BY-SCN-P0-002-梦舟对接通道与舱门区;BY-SCN-P0-005-梦舟环月工作位;BY-VEH-P0-001-梦舟载人飞船;BY-VEH-P0-002-揽月完整构型;BY-VEH-P0-003-揽月登月舱,BY-VOI-P0-001-杨凛声音;BY-VOI-P0-002-陈砚声音;BY-VOI-P0-003-刘定槎声音,BY-REL-P1-003-声音来源真实性;BY-SND-P0-001-舱内生命保障与设备底噪;BY-SND-P1-001-舱门对接机构结构传导,,阶段1映射完成｜阶段2B按镜头状态调用,第一次建立三座满员的视觉母题；揽月此时无人。
006,01,直播一开场：两器即将对接,00:00:48–00:00:56,8,飞控大厅广角,主屏显示双目标相对轨迹；飞行主任、轨道、制导导航控制和航天员系统席位安静工作。,常规任务状态,B｜地面直播／测控任务机位,BY-CRO-P1-001-北京飞控任务团队;BY-LGT-P1-003-飞控大厅任务光;BY-REL-P1-007-摄影来源证据层级;BY-SCN-P0-006-北京飞控大厅与任务主屏,BY-VOI-P1-004-北京飞控主调度声音,BY-REL-P1-003-声音来源真实性;BY-SND-P1-008-飞控与测控大厅底噪,BY-SYM-P1-004-任务轨迹与相位图模板,阶段1映射完成｜阶段2B按镜头状态调用,只保留关键状态闭合。
007,01,直播一开场：两器即将对接,00:00:56–00:01:02,6,佳木斯深空站外景,66米天线缓慢跟踪；任务屏显示梦舟、揽月两条轨迹和链路状态。,常规任务状态,B｜地面直播／测控任务机位,BY-CRO-P1-002-深空测控值班团队;BY-LGT-P1-004-环月轨道太阳光;BY-LGT-P1-006-深空测控站任务光;BY-REL-P0-005-揽月构型状态链;BY-REL-P1-004-地面测控接力链;BY-REL-P1-007-摄影来源证据层级;BY-REL-P1-010-地月视觉尺度连续性;BY-SCN-P1-006-环月轨道外部环境;BY-SCN-P1-007-佳木斯66米深空测控站;BY-VEH-P0-001-梦舟载人飞船;BY-VEH-P0-002-揽月完整构型;BY-VEH-P0-003-揽月登月舱,BY-VOI-P1-005-林海深空测控声音,BY-REL-P1-003-声音来源真实性;BY-SND-P1-008-飞控与测控大厅底噪,BY-SYM-P1-004-任务轨迹与相位图模板,阶段1映射完成｜阶段2B按镜头状态调用,近月主链路由深空地面站接力。
008,02,环月对接,00:01:02–00:01:10,8,梦舟舱内三人中景,三名航天员保持约束状态；刘定槎读出闭合速度，陈砚监看揽月状态，杨凛确认接近序列。,梦舟A｜三座满员／对接前,A｜航天器／宇航服／月面真实任务机位推演,BY-ANM-P0-001-梦舟四种乘员状态;BY-CHR-P0-001-杨凛;BY-CHR-P0-002-陈砚;BY-CHR-P0-003-刘定槎;BY-CST-P0-001-杨凛舱内飞行服;BY-CST-P0-002-陈砚舱内飞行服;BY-CST-P0-003-刘定槎舱内飞行服;BY-LGT-P0-001-梦舟舱内任务光;BY-PRP-P0-001-梦舟三座椅与束缚系统;BY-PRP-P1-006-舱内操作界面与任务屏;BY-REL-P0-005-揽月构型状态链;BY-REL-P0-009-梦舟三座返航承载与环月工作位;BY-REL-P1-007-摄影来源证据层级;BY-SCN-P0-001-梦舟舱内三座布局;BY-SCN-P0-005-梦舟环月工作位;BY-VEH-P0-001-梦舟载人飞船;BY-VEH-P0-002-揽月完整构型;BY-VEH-P0-003-揽月登月舱,BY-VOI-P0-001-杨凛声音;BY-VOI-P0-002-陈砚声音;BY-VOI-P0-003-刘定槎声音,BY-REL-P1-003-声音来源真实性;BY-SND-P0-001-舱内生命保障与设备底噪,,阶段1映射完成｜阶段2B按镜头状态调用,三名乘员均在梦舟；不虚构揽月内有人。
009,02,环月对接,00:01:10–00:01:17,7,双器侧向／视觉重建,两器沿对接轴线缓慢闭合，姿控喷气短促且克制；角落标注：基于实时遥测的视觉重建。,遥测视觉重建｜角标常驻,C｜显式遥测视觉重建,BY-PRP-P1-005-两器舱门与对接锁止结果件;BY-REL-P1-007-摄影来源证据层级;BY-VFX-P1-002-环月轨道交会与对接;BY-VFX-P1-004-姿控喷流;BY-VFX-P1-008-遥测视觉重建合成,,BY-REL-P1-003-声音来源真实性;BY-SND-P1-001-舱门对接机构结构传导,BY-SYM-P1-006-视觉重建来源标识,阶段1映射完成｜阶段2B按镜头状态调用,不指定未公开的主动／被动对接分工。
010,02,环月对接,00:01:17–00:01:24,7,对接口监视相机,目标十字线在二十米停泊点稳定，闭合速度降为零。,常规任务状态,A｜航天器／宇航服／月面真实任务机位推演,BY-PRP-P1-005-两器舱门与对接锁止结果件;BY-PRP-P1-015-航天器任务相机组;BY-REL-P1-007-摄影来源证据层级;BY-VFX-P1-002-环月轨道交会与对接,BY-VOI-P0-003-刘定槎声音;BY-VOI-P1-004-北京飞控主调度声音,BY-REL-P1-003-声音来源真实性;BY-SND-P1-001-舱门对接机构结构传导,,阶段1映射完成｜阶段2B按镜头状态调用,任务证据视角；不让记者或专家覆盖。
011,02,环月对接,00:01:24–00:01:31,7,飞控屏幕近景,轨道、姿态和链路状态依次转绿；飞行主任手势确认。,常规任务状态,B｜地面直播／测控任务机位,BY-CRO-P1-001-北京飞控任务团队;BY-LGT-P1-003-飞控大厅任务光;BY-REL-P1-007-摄影来源证据层级;BY-SCN-P0-006-北京飞控大厅与任务主屏,BY-VOI-P1-004-北京飞控主调度声音,BY-REL-P1-003-声音来源真实性;BY-SND-P1-008-飞控与测控大厅底噪,,阶段1映射完成｜阶段2B按镜头状态调用,保留授权动作和短暂停顿。
012,02,环月对接,00:01:31–00:01:38,7,梦舟舱内交叉近景,杨凛看向中央状态页，刘定槎盯住相对导航，陈砚保持对揽月系统监视。,梦舟A｜三座满员／对接前,A｜航天器／宇航服／月面真实任务机位推演,BY-ANM-P0-001-梦舟四种乘员状态;BY-CHR-P0-001-杨凛;BY-CHR-P0-002-陈砚;BY-CHR-P0-003-刘定槎;BY-CST-P0-001-杨凛舱内飞行服;BY-CST-P0-002-陈砚舱内飞行服;BY-CST-P0-003-刘定槎舱内飞行服;BY-LGT-P0-001-梦舟舱内任务光;BY-PRP-P0-001-梦舟三座椅与束缚系统;BY-PRP-P1-006-舱内操作界面与任务屏;BY-REL-P0-005-揽月构型状态链;BY-REL-P0-009-梦舟三座返航承载与环月工作位;BY-REL-P1-007-摄影来源证据层级;BY-SCN-P0-001-梦舟舱内三座布局;BY-SCN-P0-005-梦舟环月工作位;BY-VEH-P0-001-梦舟载人飞船;BY-VEH-P0-002-揽月完整构型;BY-VEH-P0-003-揽月登月舱,BY-VOI-P0-001-杨凛声音,BY-REL-P1-003-声音来源真实性;BY-SND-P0-001-舱内生命保障与设备底噪,,阶段1映射完成｜阶段2B按镜头状态调用,通话保留约1.3秒单程延迟的自然节奏。
013,02,环月对接,00:01:38–00:01:46,8,正轴／视觉重建,对接环在画面中心逐渐重合，双器相对运动接近静止；角落保留视觉重建标识。,遥测视觉重建｜角标常驻,C｜显式遥测视觉重建,BY-PRP-P1-005-两器舱门与对接锁止结果件;BY-REL-P1-007-摄影来源证据层级;BY-VFX-P1-002-环月轨道交会与对接;BY-VFX-P1-008-遥测视觉重建合成,,BY-REL-P1-003-声音来源真实性;BY-SND-P1-001-舱门对接机构结构传导,BY-SYM-P1-006-视觉重建来源标识,阶段1映射完成｜阶段2B按镜头状态调用,第三视角只补充空间尺度。
014,02,环月对接,00:01:46–00:01:54,8,对接机构与舱内交叉,对接环接触、缓冲、拉紧；梦舟舱内出现轻微结构振动。,常规任务状态,A｜航天器／宇航服／月面真实任务机位推演,BY-PRP-P1-005-两器舱门与对接锁止结果件;BY-REL-P1-007-摄影来源证据层级;BY-VEH-P0-001-梦舟载人飞船;BY-VFX-P1-002-环月轨道交会与对接,BY-VOI-P0-001-杨凛声音;BY-VOI-P0-003-刘定槎声音,BY-REL-P1-003-声音来源真实性;BY-SND-P1-001-舱门对接机构结构传导,,阶段1映射完成｜阶段2B按镜头状态调用,结构声只在舱内成立。
015,02,环月对接,00:01:54–00:02:02,8,北京飞控广角,硬连接、姿态、密封和压力检查依次完成，大厅短暂克制鼓掌。,常规任务状态,B｜地面直播／测控任务机位,BY-CRO-P1-001-北京飞控任务团队;BY-LGT-P1-003-飞控大厅任务光;BY-PRP-P1-005-两器舱门与对接锁止结果件;BY-REL-P1-007-摄影来源证据层级;BY-SCN-P0-006-北京飞控大厅与任务主屏;BY-VFX-P1-002-环月轨道交会与对接,BY-VOI-P1-004-北京飞控主调度声音,BY-REL-P1-003-声音来源真实性;BY-SND-P1-001-舱门对接机构结构传导;BY-SND-P1-008-飞控与测控大厅底噪,,阶段1映射完成｜阶段2B按镜头状态调用,对接成功后仍完成密封检查。
016,03,人员转移与直播一结束,00:02:02–00:02:08,6,对接通道轴向固定,压差归零后两侧舱门依次开启，任务数据盒、救生包和个人转移袋沿固定索先行通过。,常规任务状态,A｜航天器／宇航服／月面真实任务机位推演,BY-PRP-P1-005-两器舱门与对接锁止结果件;BY-REL-P0-010-梦舟轴向转移顺序;BY-REL-P1-002-两侧舱门顺序;BY-REL-P1-007-摄影来源证据层级;BY-SCN-P0-002-梦舟对接通道与舱门区;BY-VFX-P1-002-环月轨道交会与对接,BY-VOI-P0-003-刘定槎声音,BY-REL-P1-003-声音来源真实性;BY-SND-P1-001-舱门对接机构结构传导,,阶段1映射完成｜阶段2B按镜头状态调用,先物品、后人员。
017,03,人员转移与直播一结束,00:02:08–00:02:14,6,梦舟返回舱三人中景,杨凛、陈砚解除座椅约束，刘定槎仍在工作位；三把座椅关系清楚。,梦舟A｜三座满员／对接前,A｜航天器／宇航服／月面真实任务机位推演,BY-ANM-P0-001-梦舟四种乘员状态;BY-CHR-P0-001-杨凛;BY-CHR-P0-002-陈砚;BY-CHR-P0-003-刘定槎;BY-CST-P0-001-杨凛舱内飞行服;BY-CST-P0-002-陈砚舱内飞行服;BY-CST-P0-003-刘定槎舱内飞行服;BY-LGT-P0-001-梦舟舱内任务光;BY-PRP-P0-001-梦舟三座椅与束缚系统;BY-PRP-P1-006-舱内操作界面与任务屏;BY-REL-P0-009-梦舟三座返航承载与环月工作位;BY-REL-P1-007-摄影来源证据层级;BY-SCN-P0-001-梦舟舱内三座布局;BY-SCN-P0-005-梦舟环月工作位;BY-VEH-P0-001-梦舟载人飞船,BY-VOI-P0-001-杨凛声音;BY-VOI-P0-003-刘定槎声音,BY-REL-P1-003-声音来源真实性;BY-SND-P0-001-舱内生命保障与设备底噪,,阶段1映射完成｜阶段2B按镜头状态调用,对话克制，不使用煽情告别。
018,03,人员转移与直播一结束,00:02:14–00:02:21,7,通道固定机位,杨凛、陈砚依次进入揽月，刘定槎执行人数清点并关闭转移清单。,常规任务状态,A｜航天器／宇航服／月面真实任务机位推演,BY-CHR-P0-001-杨凛;BY-CHR-P0-002-陈砚;BY-CHR-P0-003-刘定槎;BY-CST-P0-001-杨凛舱内飞行服;BY-CST-P0-002-陈砚舱内飞行服;BY-CST-P0-003-刘定槎舱内飞行服;BY-PRP-P1-005-两器舱门与对接锁止结果件;BY-REL-P0-005-揽月构型状态链;BY-REL-P0-010-梦舟轴向转移顺序;BY-REL-P1-002-两侧舱门顺序;BY-REL-P1-007-摄影来源证据层级;BY-SCN-P0-002-梦舟对接通道与舱门区;BY-VEH-P0-002-揽月完整构型;BY-VEH-P0-003-揽月登月舱,BY-VOI-P0-003-刘定槎声音,BY-REL-P1-003-声音来源真实性;BY-SND-P1-001-舱门对接机构结构传导,,阶段1映射完成｜阶段2B按镜头状态调用,人员关系正式完成切换。
019,03,人员转移与直播一结束,00:02:21–00:02:27,6,梦舟返回舱后向广角,刘定槎独自坐回工作位，左右两张座椅空置并锁定；他抬眼确认两器组合体状态。,梦舟B｜刘定槎值守／两座空置锁定,A｜航天器／宇航服／月面真实任务机位推演,BY-ANM-P0-001-梦舟四种乘员状态;BY-CHR-P0-003-刘定槎;BY-CST-P0-003-刘定槎舱内飞行服;BY-LGT-P0-001-梦舟舱内任务光;BY-PRP-P0-001-梦舟三座椅与束缚系统;BY-PRP-P1-006-舱内操作界面与任务屏;BY-REL-P0-009-梦舟三座返航承载与环月工作位;BY-REL-P1-007-摄影来源证据层级;BY-SCN-P0-001-梦舟舱内三座布局;BY-SCN-P0-005-梦舟环月工作位;BY-VEH-P0-001-梦舟载人飞船,,BY-REL-P1-003-声音来源真实性;BY-SND-P0-001-舱内生命保障与设备底噪,,阶段1映射完成｜阶段2B按镜头状态调用,第二次建立两张空座的视觉母题。
020,03,人员转移与直播一结束,00:02:27–00:02:45,18,媒体区双人中景,林知夏与何文澜站在任务大屏前，屏上标注：48小时准备期。,常规任务状态,B｜地面直播／测控任务机位,BY-CHR-P1-002-林知夏;BY-CHR-P1-004-何文澜;BY-CST-P1-004-林知夏记者服装;BY-CST-P1-006-何文澜专家服装;BY-LGT-P1-008-飞控媒体区直播光;BY-REL-P1-007-摄影来源证据层级;BY-REL-P1-008-三段直播结构链;BY-SCN-P1-003-飞控中心媒体区,BY-VOI-P1-002-林知夏声音;BY-VOI-P1-012-何文澜声音,BY-REL-P1-003-声音来源真实性;BY-SND-P1-003-发动机舱内结构振动;BY-SND-P1-009-媒体区直播现场声,BY-SYM-P1-007-直播进口出口与倒计时,阶段1映射完成｜阶段2B按镜头状态调用,采访允许自然停顿和眼神反应；不覆盖任务关键动作。
021,03,人员转移与直播一结束,00:02:45–00:02:53,8,揽月舱内准备蒙太奇,两人固定物品、检查登月服接口、核对下降清单并轮换休息。,常规任务状态,A｜航天器／宇航服／月面真实任务机位推演,BY-ANM-P0-002-揽月下降出舱起飞链;BY-CHR-P0-001-杨凛;BY-CHR-P0-002-陈砚;BY-LGT-P0-002-揽月下降任务光;BY-LGT-P0-004-月面艺术化任务日光;BY-PRP-P1-006-舱内操作界面与任务屏;BY-REL-P0-005-揽月构型状态链;BY-REL-P0-012-月面艺术化光照与声明;BY-REL-P1-001-月面空间总图;BY-REL-P1-007-摄影来源证据层级;BY-SCN-P0-003-揽月登月舱舱内;BY-SCN-P0-004-月面着陆与作业区;BY-VEH-P0-002-揽月完整构型;BY-VEH-P0-003-揽月登月舱,BY-VOI-P1-012-何文澜声音,BY-REL-P1-003-声音来源真实性;BY-SND-P0-001-舱内生命保障与设备底噪;BY-SND-P1-003-发动机舱内结构振动,,阶段1映射完成｜阶段2B按镜头状态调用,不虚构未公开舱压和预呼吸参数。
022,03,人员转移与直播一结束,00:02:53–00:03:00,7,媒体区收束,林知夏转向镜头，身后画面停在组合体环月飞行。,常规任务状态,B｜地面直播／测控任务机位,BY-CHR-P1-002-林知夏;BY-CST-P1-004-林知夏记者服装;BY-LGT-P1-004-环月轨道太阳光;BY-LGT-P1-008-飞控媒体区直播光;BY-REL-P1-007-摄影来源证据层级;BY-REL-P1-008-三段直播结构链;BY-REL-P1-010-地月视觉尺度连续性;BY-SCN-P1-003-飞控中心媒体区;BY-SCN-P1-006-环月轨道外部环境,BY-VOI-P1-002-林知夏声音,BY-REL-P1-003-声音来源真实性;BY-SND-P1-003-发动机舱内结构振动;BY-SND-P1-009-媒体区直播现场声,BY-SYM-P1-007-直播进口出口与倒计时,阶段1映射完成｜阶段2B按镜头状态调用,形成明确直播出口。
023,04,时间跨越,00:03:00–00:03:12,12,月轨组合体远景／后期字幕,梦舟—揽月组合体从月球明暗交界上方掠过。字幕：2029年4月8日；对接后48小时；揽月下降准备完成。,常规任务状态,C｜显式遥测视觉重建,BY-LGT-P0-004-月面艺术化任务日光;BY-LGT-P1-004-环月轨道太阳光;BY-PRP-P1-005-两器舱门与对接锁止结果件;BY-REL-P0-005-揽月构型状态链;BY-REL-P0-010-梦舟轴向转移顺序;BY-REL-P0-012-月面艺术化光照与声明;BY-REL-P1-001-月面空间总图;BY-REL-P1-002-两侧舱门顺序;BY-REL-P1-007-摄影来源证据层级;BY-REL-P1-010-地月视觉尺度连续性;BY-SCN-P0-002-梦舟对接通道与舱门区;BY-SCN-P0-004-月面着陆与作业区;BY-SCN-P1-006-环月轨道外部环境;BY-VEH-P0-001-梦舟载人飞船;BY-VEH-P0-002-揽月完整构型;BY-VEH-P0-003-揽月登月舱;BY-VFX-P1-002-环月轨道交会与对接;BY-VFX-P1-008-遥测视觉重建合成,,BY-REL-P1-003-声音来源真实性;BY-SND-P1-001-舱门对接机构结构传导;BY-SND-P1-003-发动机舱内结构振动,BY-SYM-P1-003-任务阶段与时间跳跃标牌;BY-SYM-P1-006-视觉重建来源标识,阶段1映射完成｜阶段2B按镜头状态调用,明确时间跨越，不标注现场直播；外景属于视觉重建。
024,05,直播二开场：揽月脱离,00:03:12–00:03:20,8,揽月舱内双人中景,杨凛和陈砚穿舱内压力服固定，关闭下降前最后几项清单。,常规任务状态,A｜航天器／宇航服／月面真实任务机位推演,BY-ANM-P0-002-揽月下降出舱起飞链;BY-CHR-P0-001-杨凛;BY-CHR-P0-002-陈砚;BY-CST-P0-001-杨凛舱内飞行服;BY-CST-P0-002-陈砚舱内飞行服;BY-LGT-P0-002-揽月下降任务光;BY-LGT-P0-004-月面艺术化任务日光;BY-PRP-P1-006-舱内操作界面与任务屏;BY-REL-P0-005-揽月构型状态链;BY-REL-P0-012-月面艺术化光照与声明;BY-REL-P1-001-月面空间总图;BY-REL-P1-007-摄影来源证据层级;BY-SCN-P0-003-揽月登月舱舱内;BY-SCN-P0-004-月面着陆与作业区;BY-VEH-P0-002-揽月完整构型;BY-VEH-P0-003-揽月登月舱,BY-VOI-P0-001-杨凛声音;BY-VOI-P0-002-陈砚声音,BY-REL-P1-003-声音来源真实性;BY-SND-P0-001-舱内生命保障与设备底噪;BY-SND-P1-003-发动机舱内结构振动,,阶段1映射完成｜阶段2B按镜头状态调用,舱内不出现宽阔走动空间。
025,05,直播二开场：揽月脱离,00:03:20–00:03:27,7,梦舟工作位,刘定槎独自在中央工作位，左右两张空座椅保持锁定；他交叉核对揽月遥测和梦舟待机轨道。,梦舟B｜刘定槎值守／两座空置锁定,A｜航天器／宇航服／月面真实任务机位推演,BY-ANM-P0-001-梦舟四种乘员状态;BY-CHR-P0-003-刘定槎;BY-CST-P0-003-刘定槎舱内飞行服;BY-LGT-P0-001-梦舟舱内任务光;BY-PRP-P0-001-梦舟三座椅与束缚系统;BY-PRP-P1-006-舱内操作界面与任务屏;BY-REL-P0-005-揽月构型状态链;BY-REL-P0-009-梦舟三座返航承载与环月工作位;BY-REL-P1-007-摄影来源证据层级;BY-SCN-P0-001-梦舟舱内三座布局;BY-SCN-P0-005-梦舟环月工作位;BY-VEH-P0-001-梦舟载人飞船;BY-VEH-P0-002-揽月完整构型;BY-VEH-P0-003-揽月登月舱,BY-VOI-P0-003-刘定槎声音,BY-REL-P1-003-声音来源真实性;BY-SND-P0-001-舱内生命保障与设备底噪,,阶段1映射完成｜阶段2B按镜头状态调用,延续两张空座母题。
026,05,直播二开场：揽月脱离,00:03:27–00:03:35,8,飞控大厅多席位,飞行主任依次接收轨道、揽月系统、通信、航天员系统和应急返回状态。,常规任务状态,B｜地面直播／测控任务机位,BY-CRO-P1-001-北京飞控任务团队;BY-LGT-P1-003-飞控大厅任务光;BY-REL-P0-005-揽月构型状态链;BY-REL-P1-007-摄影来源证据层级;BY-SCN-P0-006-北京飞控大厅与任务主屏;BY-VEH-P0-002-揽月完整构型;BY-VEH-P0-003-揽月登月舱,BY-VOI-P1-004-北京飞控主调度声音,BY-REL-P1-003-声音来源真实性;BY-SND-P1-008-飞控与测控大厅底噪,,阶段1映射完成｜阶段2B按镜头状态调用,重复确认压缩为一次关键闭合。
027,05,直播二开场：揽月脱离,00:03:35–00:03:47,12,媒体区直播中景,林知夏面向镜头，身后大屏显示双器组合体与下降轨迹。,常规任务状态,B｜地面直播／测控任务机位,BY-CHR-P1-002-林知夏;BY-CST-P1-004-林知夏记者服装;BY-LGT-P0-004-月面艺术化任务日光;BY-LGT-P1-008-飞控媒体区直播光;BY-REL-P0-012-月面艺术化光照与声明;BY-REL-P1-001-月面空间总图;BY-REL-P1-007-摄影来源证据层级;BY-REL-P1-008-三段直播结构链;BY-SCN-P0-004-月面着陆与作业区;BY-SCN-P1-003-飞控中心媒体区,BY-VOI-P1-002-林知夏声音,BY-REL-P1-003-声音来源真实性;BY-SND-P1-003-发动机舱内结构振动;BY-SND-P1-009-媒体区直播现场声,BY-SYM-P1-004-任务轨迹与相位图模板;BY-SYM-P1-007-直播进口出口与倒计时,阶段1映射完成｜阶段2B按镜头状态调用,台词以自然播报速度完成；记者只做事件前解释。
028,05,直播二开场：揽月脱离,00:03:47–00:03:54,7,对接口监视相机,锁紧解除，视场中的对接目标沿安全轴线缓慢退出。,常规任务状态,A｜航天器／宇航服／月面真实任务机位推演,BY-PRP-P1-005-两器舱门与对接锁止结果件;BY-PRP-P1-015-航天器任务相机组;BY-REL-P1-007-摄影来源证据层级;BY-VFX-P1-002-环月轨道交会与对接,BY-VOI-P0-001-杨凛声音;BY-VOI-P0-003-刘定槎声音,BY-REL-P1-003-声音来源真实性;BY-SND-P1-001-舱门对接机构结构传导,,阶段1映射完成｜阶段2B按镜头状态调用,任务证据视角。
029,05,直播二开场：揽月脱离,00:03:54–00:04:04,10,月轨双器全景／视觉重建,揽月与梦舟拉开距离，画面角落标注：基于实时遥测的视觉重建。,遥测视觉重建｜角标常驻,C｜显式遥测视觉重建,BY-LGT-P1-004-环月轨道太阳光;BY-REL-P0-005-揽月构型状态链;BY-REL-P1-007-摄影来源证据层级;BY-REL-P1-010-地月视觉尺度连续性;BY-SCN-P1-006-环月轨道外部环境;BY-VEH-P0-001-梦舟载人飞船;BY-VEH-P0-002-揽月完整构型;BY-VEH-P0-003-揽月登月舱;BY-VFX-P1-008-遥测视觉重建合成,,BY-REL-P1-003-声音来源真实性,BY-SYM-P1-006-视觉重建来源标识,阶段1映射完成｜阶段2B按镜头状态调用,本片第一次以第三视角明确展示两器分离的空间尺度。
030,05,直播二开场：揽月脱离,00:04:04–00:04:09,5,梦舟与揽月舱内交叉,刘定槎确认安全距离；杨凛和陈砚确认下降序列已接通。,常规任务状态,A｜航天器／宇航服／月面真实任务机位推演,BY-ANM-P0-002-揽月下降出舱起飞链;BY-CHR-P0-001-杨凛;BY-CHR-P0-002-陈砚;BY-CHR-P0-003-刘定槎;BY-CST-P0-001-杨凛舱内飞行服;BY-CST-P0-002-陈砚舱内飞行服;BY-CST-P0-003-刘定槎舱内飞行服;BY-LGT-P0-002-揽月下降任务光;BY-LGT-P0-004-月面艺术化任务日光;BY-PRP-P1-006-舱内操作界面与任务屏;BY-REL-P0-005-揽月构型状态链;BY-REL-P0-012-月面艺术化光照与声明;BY-REL-P1-001-月面空间总图;BY-REL-P1-007-摄影来源证据层级;BY-SCN-P0-003-揽月登月舱舱内;BY-SCN-P0-004-月面着陆与作业区;BY-VEH-P0-001-梦舟载人飞船;BY-VEH-P0-002-揽月完整构型;BY-VEH-P0-003-揽月登月舱,BY-VOI-P0-001-杨凛声音;BY-VOI-P1-004-北京飞控主调度声音,BY-REL-P1-003-声音来源真实性;BY-SND-P0-001-舱内生命保障与设备底噪;BY-SND-P1-003-发动机舱内结构振动,,阶段1映射完成｜阶段2B按镜头状态调用,保留双器状态闭合。
031,05,直播二开场：揽月脱离,00:04:09–00:04:14,5,月轨远景／视觉重建,揽月进入下降轨道，梦舟转入环月待机；地球仍是可分辨的蓝白色圆盘。,遥测视觉重建｜角标常驻,C｜显式遥测视觉重建,BY-LGT-P0-004-月面艺术化任务日光;BY-LGT-P1-004-环月轨道太阳光;BY-REL-P0-005-揽月构型状态链;BY-REL-P0-012-月面艺术化光照与声明;BY-REL-P1-001-月面空间总图;BY-REL-P1-007-摄影来源证据层级;BY-REL-P1-010-地月视觉尺度连续性;BY-SCN-P0-004-月面着陆与作业区;BY-SCN-P1-006-环月轨道外部环境;BY-VEH-P0-001-梦舟载人飞船;BY-VEH-P0-002-揽月完整构型;BY-VEH-P0-003-揽月登月舱;BY-VFX-P1-008-遥测视觉重建合成,,BY-REL-P1-003-声音来源真实性;BY-SND-P1-003-发动机舱内结构振动,BY-SYM-P1-006-视觉重建来源标识,阶段1映射完成｜阶段2B按镜头状态调用,不出现鹊桥或天链作为主链路。
032,06,动力下降,00:04:14–00:04:22,8,揽月外部固定机位,月面地形在画面下方缓慢移动，推进舱完成主要制动并按推演方案分离，揽月调整为动力下降姿态。,月面相机部署前｜不得使用便携相机第三视角,A｜航天器／宇航服／月面真实任务机位推演,BY-LGT-P0-004-月面艺术化任务日光;BY-PRP-P1-015-航天器任务相机组;BY-REL-P0-005-揽月构型状态链;BY-REL-P0-012-月面艺术化光照与声明;BY-REL-P1-001-月面空间总图;BY-REL-P1-007-摄影来源证据层级;BY-SCN-P0-004-月面着陆与作业区;BY-VEH-P0-002-揽月完整构型;BY-VEH-P0-003-揽月登月舱;BY-VEH-P1-003-揽月推进舱分离状态,BY-VOI-P0-001-杨凛声音,BY-REL-P1-003-声音来源真实性;BY-SND-P1-003-发动机舱内结构振动,,阶段1映射完成｜阶段2B按镜头状态调用,任务证据视角；具体分离时机属于艺术推演。
033,06,动力下降,00:04:22–00:04:31,9,高空侧后全景／视觉重建,揽月以发动机轴线指向月面的姿态下降，月面曲率与长阴影建立高度；标注：基于实时遥测的视觉重建。,遥测视觉重建｜角标常驻,C｜显式遥测视觉重建,BY-LGT-P0-004-月面艺术化任务日光;BY-REL-P0-005-揽月构型状态链;BY-REL-P0-012-月面艺术化光照与声明;BY-REL-P1-001-月面空间总图;BY-REL-P1-007-摄影来源证据层级;BY-SCN-P0-004-月面着陆与作业区;BY-VEH-P0-003-揽月登月舱;BY-VFX-P1-008-遥测视觉重建合成,,BY-REL-P1-003-声音来源真实性;BY-SND-P1-003-发动机舱内结构振动,BY-SYM-P1-006-视觉重建来源标识,阶段1映射完成｜阶段2B按镜头状态调用,不使用追逐飞船的虚构摄影机运动。
034,06,动力下降,00:04:31–00:04:39,8,飞控轨迹屏,高度、速度、剩余推进剂、落区边界和通信窗口同步变化。,常规任务状态,B｜地面直播／测控任务机位,BY-CRO-P1-001-北京飞控任务团队;BY-LGT-P1-003-飞控大厅任务光;BY-REL-P1-007-摄影来源证据层级;BY-SCN-P0-006-北京飞控大厅与任务主屏,BY-VOI-P1-004-北京飞控主调度声音;BY-VOI-P1-005-林海深空测控声音,BY-REL-P1-003-声音来源真实性;BY-SND-P1-008-飞控与测控大厅底噪,BY-SYM-P1-004-任务轨迹与相位图模板,阶段1映射完成｜阶段2B按镜头状态调用,近月链路以深空地面站接力直达为主。
035,06,动力下降,00:04:39–00:04:54,15,媒体区专家双人／轨迹示意,林知夏与孙亦川站在实时轨迹示意屏前；孙亦川先面向记者，再转向轨迹图。,常规任务状态,B｜地面直播／测控任务机位,BY-CHR-P1-002-林知夏;BY-CHR-P1-005-孙亦川;BY-CST-P1-004-林知夏记者服装;BY-CST-P1-007-孙亦川专家服装;BY-LGT-P1-008-飞控媒体区直播光;BY-REL-P1-007-摄影来源证据层级;BY-REL-P1-008-三段直播结构链;BY-SCN-P1-003-飞控中心媒体区,BY-VOI-P1-013-孙亦川声音,BY-REL-P1-003-声音来源真实性;BY-SND-P1-003-发动机舱内结构振动;BY-SND-P1-009-媒体区直播现场声,BY-SYM-P1-004-任务轨迹与相位图模板;BY-SYM-P1-007-直播进口出口与倒计时,阶段1映射完成｜阶段2B按镜头状态调用,专家解释只位于下降早段；允许停顿并把后半句跨接到轨迹图。
036,06,动力下降,00:04:54–00:05:02,8,着陆器下视相机,视场由斜向地形转为近垂直，撞击坑、坡地和岩块区被分区标记。,常规任务状态,A｜航天器／宇航服／月面真实任务机位推演,BY-PRP-P1-015-航天器任务相机组;BY-REL-P1-007-摄影来源证据层级,BY-VOI-P1-009-小天任务智能体声音,BY-REL-P1-003-声音来源真实性;BY-SND-P1-003-发动机舱内结构振动,,阶段1映射完成｜阶段2B按镜头状态调用,AI只提供候选区排序。
037,06,动力下降,00:05:02–00:05:10,8,揽月舱内双人近景,杨凛核对B区，陈砚监控敏感器和着陆后系统。,常规任务状态,A｜航天器／宇航服／月面真实任务机位推演,BY-ANM-P0-002-揽月下降出舱起飞链;BY-CHR-P0-001-杨凛;BY-CHR-P0-002-陈砚;BY-CST-P0-001-杨凛舱内飞行服;BY-CST-P0-002-陈砚舱内飞行服;BY-LGT-P0-002-揽月下降任务光;BY-PRP-P1-006-舱内操作界面与任务屏;BY-REL-P0-005-揽月构型状态链;BY-REL-P1-007-摄影来源证据层级;BY-SCN-P0-003-揽月登月舱舱内;BY-VEH-P0-003-揽月登月舱,BY-VOI-P0-001-杨凛声音;BY-VOI-P0-002-陈砚声音,BY-REL-P1-003-声音来源真实性;BY-SND-P0-001-舱内生命保障与设备底噪;BY-SND-P1-003-发动机舱内结构振动,,阶段1映射完成｜阶段2B按镜头状态调用,最终选择归乘组指令长。
038,06,动力下降,00:05:10–00:05:17,7,中高度三分之四侧视／视觉重建,揽月沿短距离横向走廊避开岩块区，机体姿态变化小而明确；角落保留视觉重建标识。,遥测视觉重建｜角标常驻,C｜显式遥测视觉重建,BY-REL-P0-005-揽月构型状态链;BY-REL-P1-007-摄影来源证据层级;BY-VEH-P0-003-揽月登月舱;BY-VFX-P1-008-遥测视觉重建合成,,BY-REL-P1-003-声音来源真实性,BY-SYM-P1-004-任务轨迹与相位图模板;BY-SYM-P1-006-视觉重建来源标识,阶段1映射完成｜阶段2B按镜头状态调用,第三视角用于解释横移，不承担落地证明。
039,06,动力下降,00:05:17–00:05:24,7,着陆器下视相机,选择区逐渐居中，细避障框缩小到平坦区域；尘埃尚未明显扬起。,常规任务状态,A｜航天器／宇航服／月面真实任务机位推演,BY-PRP-P1-015-航天器任务相机组;BY-REL-P1-007-摄影来源证据层级;BY-VFX-P0-001-月面下降羽流与贴地月尘,BY-VOI-P0-001-杨凛声音;BY-VOI-P1-009-小天任务智能体声音,BY-REL-P1-003-声音来源真实性;BY-SND-P1-003-发动机舱内结构振动,,阶段1映射完成｜阶段2B按镜头状态调用,从此处停止记者和专家插话。
040,06,动力下降,00:05:24–00:05:30,6,北京飞控大厅,各席位凝视参数，飞行主任保持手势等待；大厅没有庆祝动作。,常规任务状态,B｜地面直播／测控任务机位,BY-CRO-P1-001-北京飞控任务团队;BY-LGT-P1-003-飞控大厅任务光;BY-REL-P1-007-摄影来源证据层级;BY-SCN-P0-006-北京飞控大厅与任务主屏,BY-VOI-P1-004-北京飞控主调度声音,BY-REL-P1-003-声音来源真实性;BY-SND-P1-003-发动机舱内结构振动;BY-SND-P1-008-飞控与测控大厅底噪,,阶段1映射完成｜阶段2B按镜头状态调用,以沉默和设备声建立压力。
041,06,动力下降,00:05:30–00:05:37,7,低空远景／视觉重建,揽月距月面数十米，喷流扩散区和机体尺度清楚；画面稳定克制，标注视觉重建。,遥测视觉重建｜角标常驻,C｜显式遥测视觉重建,BY-LGT-P0-004-月面艺术化任务日光;BY-REL-P0-005-揽月构型状态链;BY-REL-P0-012-月面艺术化光照与声明;BY-REL-P1-001-月面空间总图;BY-REL-P1-007-摄影来源证据层级;BY-SCN-P0-004-月面着陆与作业区;BY-VEH-P0-003-揽月登月舱;BY-VFX-P0-001-月面下降羽流与贴地月尘;BY-VFX-P1-008-遥测视觉重建合成,,BY-REL-P1-003-声音来源真实性,BY-SYM-P1-006-视觉重建来源标识,阶段1映射完成｜阶段2B按镜头状态调用,最后一次重建镜头，随后回到证据视角。
042,06,动力下降,00:05:37–00:05:44,7,着陆器下视与着陆腿相机,尘埃向外扩散，落点纹理快速放大，着陆腿接近月面。,月面相机部署前｜不得使用便携相机第三视角,A｜航天器／宇航服／月面真实任务机位推演,BY-LGT-P0-004-月面艺术化任务日光;BY-PRP-P1-015-航天器任务相机组;BY-REL-P0-012-月面艺术化光照与声明;BY-REL-P1-001-月面空间总图;BY-REL-P1-007-摄影来源证据层级;BY-SCN-P0-004-月面着陆与作业区;BY-VFX-P0-001-月面下降羽流与贴地月尘,BY-VOI-P0-001-杨凛声音;BY-VOI-P0-002-陈砚声音,BY-REL-P1-003-声音来源真实性;BY-SND-P1-003-发动机舱内结构振动,,阶段1映射完成｜阶段2B按镜头状态调用,不可逆节点以任务相机收束。
043,07,着陆确认与六小时出舱准备,00:05:44–00:05:53,9,着陆腿相机／舱内交叉,一条着陆腿接触月面，舱内减速度和接触灯同步出现，画面轻微振动后稳定。,月面相机部署前｜不得使用便携相机第三视角,A｜航天器／宇航服／月面真实任务机位推演,BY-LGT-P0-004-月面艺术化任务日光;BY-PRP-P1-015-航天器任务相机组;BY-REL-P0-012-月面艺术化光照与声明;BY-REL-P1-001-月面空间总图;BY-REL-P1-007-摄影来源证据层级;BY-SCN-P0-004-月面着陆与作业区;BY-VFX-P0-002-触月关机与月尘回落,BY-VOI-P0-001-杨凛声音;BY-VOI-P0-002-陈砚声音,BY-REL-P1-003-声音来源真实性;BY-SND-P1-003-发动机舱内结构振动,,阶段1映射完成｜阶段2B按镜头状态调用,落地以任务证据视角完成。
044,07,着陆确认与六小时出舱准备,00:05:53–00:06:01,8,揽月舱内双人中景,两名航天员保持约束，依次核对姿态、舱压、电源、通信和着陆器结构状态。,常规任务状态,A｜航天器／宇航服／月面真实任务机位推演,BY-ANM-P0-002-揽月下降出舱起飞链;BY-CHR-P0-001-杨凛;BY-CHR-P0-002-陈砚;BY-LGT-P0-002-揽月下降任务光;BY-PRP-P1-006-舱内操作界面与任务屏;BY-REL-P0-005-揽月构型状态链;BY-REL-P1-007-摄影来源证据层级;BY-SCN-P0-003-揽月登月舱舱内;BY-VEH-P0-003-揽月登月舱,BY-VOI-P0-001-杨凛声音,BY-REL-P1-003-声音来源真实性;BY-SND-P0-001-舱内生命保障与设备底噪;BY-SND-P1-003-发动机舱内结构振动,,阶段1映射完成｜阶段2B按镜头状态调用,落地后先检查，不立即解开约束。
045,07,着陆确认与六小时出舱准备,00:06:01–00:06:09,8,北京飞控广角,飞行主任收到系统闭合后宣布结果，大厅鼓掌；少数席位继续工作。,常规任务状态,B｜地面直播／测控任务机位,BY-CRO-P1-001-北京飞控任务团队;BY-LGT-P1-003-飞控大厅任务光;BY-REL-P1-007-摄影来源证据层级;BY-SCN-P0-006-北京飞控大厅与任务主屏,BY-VOI-P1-004-北京飞控主调度声音,BY-REL-P1-003-声音来源真实性;BY-SND-P1-003-发动机舱内结构振动;BY-SND-P1-008-飞控与测控大厅底噪,,阶段1映射完成｜阶段2B按镜头状态调用,掌声只在北京飞控内部成立。
046,07,着陆确认与六小时出舱准备,00:06:09–00:06:17,8,着陆区完整全景／视觉重建,尘埃沉降后，完整揽月立于月面，地形坡度、足垫和长阴影清晰；标注：基于实时遥测的视觉重建。,遥测视觉重建｜角标常驻,C｜显式遥测视觉重建,BY-LGT-P0-004-月面艺术化任务日光;BY-REL-P0-005-揽月构型状态链;BY-REL-P0-012-月面艺术化光照与声明;BY-REL-P1-001-月面空间总图;BY-REL-P1-007-摄影来源证据层级;BY-SCN-P0-004-月面着陆与作业区;BY-VEH-P0-003-揽月登月舱;BY-VFX-P0-001-月面下降羽流与贴地月尘;BY-VFX-P0-002-触月关机与月尘回落;BY-VFX-P1-008-遥测视觉重建合成,,BY-REL-P1-003-声音来源真实性;BY-SND-P1-003-发动机舱内结构振动,BY-SYM-P1-006-视觉重建来源标识,阶段1映射完成｜阶段2B按镜头状态调用,用于交代地形与尺度，不伪装成已部署月面相机。
047,07,着陆确认与六小时出舱准备,00:06:17–00:06:27,10,媒体区直播中景,林知夏面对镜头，身后大屏定格揽月着陆状态。,常规任务状态,B｜地面直播／测控任务机位,BY-CHR-P1-002-林知夏;BY-CST-P1-004-林知夏记者服装;BY-LGT-P1-008-飞控媒体区直播光;BY-REL-P0-005-揽月构型状态链;BY-REL-P1-007-摄影来源证据层级;BY-REL-P1-008-三段直播结构链;BY-SCN-P1-003-飞控中心媒体区;BY-VEH-P0-003-揽月登月舱,BY-VOI-P1-002-林知夏声音,BY-REL-P1-003-声音来源真实性;BY-SND-P1-003-发动机舱内结构振动;BY-SND-P1-009-媒体区直播现场声,BY-SYM-P1-007-直播进口出口与倒计时,阶段1映射完成｜阶段2B按镜头状态调用,记者只在落地确认后进入。
048,07,着陆确认与六小时出舱准备,00:06:27–00:06:39,12,媒体区专家双人,何文澜在一张阿波罗11号任务时间轴旁解释，林知夏倾听。,常规任务状态,B｜地面直播／测控任务机位,BY-CHR-P1-002-林知夏;BY-CHR-P1-004-何文澜;BY-CST-P1-004-林知夏记者服装;BY-CST-P1-006-何文澜专家服装;BY-LGT-P1-008-飞控媒体区直播光;BY-REL-P1-007-摄影来源证据层级;BY-REL-P1-008-三段直播结构链;BY-SCN-P1-003-飞控中心媒体区,BY-VOI-P1-012-何文澜声音,BY-REL-P1-003-声音来源真实性;BY-SND-P1-003-发动机舱内结构振动;BY-SND-P1-009-媒体区直播现场声,BY-SYM-P1-007-直播进口出口与倒计时,阶段1映射完成｜阶段2B按镜头状态调用,历史时间用约数，避免把艺术流程说成唯一标准。
049,07,着陆确认与六小时出舱准备,00:06:39–00:06:44,5,揽月舱内准备蒙太奇一,两人解除约束、进食补水、完成身体状态自检，并检查舱内生命保障和通信。,常规任务状态,A｜航天器／宇航服／月面真实任务机位推演,BY-ANM-P0-002-揽月下降出舱起飞链;BY-CHR-P0-001-杨凛;BY-CHR-P0-002-陈砚;BY-LGT-P0-002-揽月下降任务光;BY-PRP-P1-006-舱内操作界面与任务屏;BY-REL-P0-005-揽月构型状态链;BY-REL-P1-007-摄影来源证据层级;BY-SCN-P0-003-揽月登月舱舱内;BY-VEH-P0-003-揽月登月舱,BY-VOI-P1-012-何文澜声音,BY-REL-P1-003-声音来源真实性;BY-SND-P0-001-舱内生命保障与设备底噪,,阶段1映射完成｜阶段2B按镜头状态调用,不是把无人探测器简化为“只需落地自检”。
050,07,着陆确认与六小时出舱准备,00:06:44–00:06:49,5,揽月舱内准备蒙太奇二／字幕,两人检查登月服接口、应急工具、舱门和舱外程序。字幕：着陆 T+06:00；出舱准备完成。,常规任务状态,A｜航天器／宇航服／月面真实任务机位推演,BY-ANM-P0-002-揽月下降出舱起飞链;BY-CHR-P0-001-杨凛;BY-CHR-P0-002-陈砚;BY-LGT-P0-002-揽月下降任务光;BY-LGT-P0-004-月面艺术化任务日光;BY-PRP-P1-006-舱内操作界面与任务屏;BY-REL-P0-005-揽月构型状态链;BY-REL-P0-012-月面艺术化光照与声明;BY-REL-P1-001-月面空间总图;BY-REL-P1-007-摄影来源证据层级;BY-SCN-P0-003-揽月登月舱舱内;BY-SCN-P0-004-月面着陆与作业区;BY-VEH-P0-003-揽月登月舱,BY-VOI-P1-012-何文澜声音,BY-REL-P1-003-声音来源真实性;BY-SND-P0-001-舱内生命保障与设备底噪;BY-SND-P1-003-发动机舱内结构振动,BY-SYM-P1-003-任务阶段与时间跳跃标牌,阶段1映射完成｜阶段2B按镜头状态调用,时间码从着陆瞬间起算。
051,08,出舱与中国航天员首次踏上月面,00:06:49–00:06:59,10,媒体区直播近景,林知夏身后大屏显示揽月舱门状态和五分钟倒计时，媒体区工作人员安静等待。,常规任务状态,B｜地面直播／测控任务机位,BY-CHR-P1-002-林知夏;BY-CST-P1-004-林知夏记者服装;BY-LGT-P1-008-飞控媒体区直播光;BY-REL-P0-005-揽月构型状态链;BY-REL-P1-007-摄影来源证据层级;BY-REL-P1-008-三段直播结构链;BY-SCN-P1-003-飞控中心媒体区;BY-VEH-P0-003-揽月登月舱,BY-VOI-P1-002-林知夏声音,BY-REL-P1-003-声音来源真实性;BY-SND-P1-009-媒体区直播现场声,BY-SYM-P1-003-任务阶段与时间跳跃标牌;BY-SYM-P1-007-直播进口出口与倒计时,阶段1映射完成｜阶段2B按镜头状态调用,情绪克制但明确；说完后退出关键动作。
052,08,出舱与中国航天员首次踏上月面,00:06:59–00:07:07,8,飞控／梦舟／揽月三方交叉,北京席位、梦舟刘定槎和揽月两人依次确认通信、生命保障与舱外任务状态。,常规任务状态,B｜地面直播／测控任务机位,BY-CHR-P0-001-杨凛;BY-CHR-P0-002-陈砚;BY-CHR-P0-003-刘定槎;BY-CRO-P1-001-北京飞控任务团队;BY-CST-P0-003-刘定槎舱内飞行服;BY-LGT-P0-004-月面艺术化任务日光;BY-LGT-P1-003-飞控大厅任务光;BY-REL-P0-005-揽月构型状态链;BY-REL-P0-012-月面艺术化光照与声明;BY-REL-P1-001-月面空间总图;BY-REL-P1-007-摄影来源证据层级;BY-SCN-P0-004-月面着陆与作业区;BY-SCN-P0-006-北京飞控大厅与任务主屏;BY-VEH-P0-001-梦舟载人飞船;BY-VEH-P0-003-揽月登月舱,BY-VOI-P0-001-杨凛声音;BY-VOI-P0-003-刘定槎声音;BY-VOI-P1-004-北京飞控主调度声音,BY-REL-P1-003-声音来源真实性;BY-SND-P1-008-飞控与测控大厅底噪,,阶段1映射完成｜阶段2B按镜头状态调用,重复确认压缩为三方一次状态闭合。
053,08,出舱与中国航天员首次踏上月面,00:07:07–00:07:15,8,揽月舱内固定机位,杨凛完成泄压与舱门操作，舱口开启到单人通行宽度；陈砚留在舱内保障位置。,常规任务状态,A｜航天器／宇航服／月面真实任务机位推演,BY-ANM-P0-002-揽月下降出舱起飞链;BY-CHR-P0-001-杨凛;BY-CHR-P0-002-陈砚;BY-CST-P0-001-杨凛舱内飞行服;BY-CST-P0-002-陈砚舱内飞行服;BY-CST-P0-004-杨凛望宇登月服;BY-CST-P0-005-陈砚望宇登月服;BY-LGT-P0-002-揽月下降任务光;BY-PRP-P1-006-舱内操作界面与任务屏;BY-REL-P0-005-揽月构型状态链;BY-REL-P1-007-摄影来源证据层级;BY-SCN-P0-003-揽月登月舱舱内;BY-VEH-P0-003-揽月登月舱,,BY-REL-P1-003-声音来源真实性;BY-SND-P0-001-舱内生命保障与设备底噪;BY-SND-P1-002-登月服内部呼吸与结构声,,阶段1映射完成｜阶段2B按镜头状态调用,舱口不能同时容纳两人。
054,08,出舱与中国航天员首次踏上月面,00:07:15–00:07:24,9,揽月外部固定相机,杨凛背向外部相机缓慢探出舱口，确认扶手、脚踏和安全绳后转移到扶梯。,常规任务状态,A｜航天器／宇航服／月面真实任务机位推演,BY-CHR-P0-001-杨凛;BY-CHR-P0-002-陈砚;BY-CST-P0-001-杨凛舱内飞行服;BY-CST-P0-004-杨凛望宇登月服;BY-CST-P0-005-陈砚望宇登月服;BY-LGT-P0-004-月面艺术化任务日光;BY-PRP-P0-002-揽月舷梯与扶手系统;BY-PRP-P1-004-月面工具包与载荷固定系统;BY-PRP-P1-015-航天器任务相机组;BY-REL-P0-005-揽月构型状态链;BY-REL-P0-012-月面艺术化光照与声明;BY-REL-P1-001-月面空间总图;BY-REL-P1-007-摄影来源证据层级;BY-SCN-P0-004-月面着陆与作业区;BY-VEH-P0-003-揽月登月舱,BY-VOI-P0-001-杨凛声音,BY-REL-P1-003-声音来源真实性;BY-SND-P1-002-登月服内部呼吸与结构声,,阶段1映射完成｜阶段2B按镜头状态调用,第一名航天员全程由任务相机证明。
055,08,出舱与中国航天员首次踏上月面,00:07:24–00:07:32,8,宇航服相机／扶梯,杨凛向下移动，在最后一级停顿，低头确认足下地形。,常规任务状态,A｜航天器／宇航服／月面真实任务机位推演,BY-CHR-P0-001-杨凛;BY-CHR-P0-002-陈砚;BY-CST-P0-001-杨凛舱内飞行服;BY-CST-P0-004-杨凛望宇登月服;BY-CST-P0-005-陈砚望宇登月服;BY-LGT-P0-004-月面艺术化任务日光;BY-PRP-P0-002-揽月舷梯与扶手系统;BY-PRP-P1-014-宇航服任务相机;BY-REL-P0-012-月面艺术化光照与声明;BY-REL-P1-001-月面空间总图;BY-REL-P1-007-摄影来源证据层级;BY-SCN-P0-004-月面着陆与作业区,BY-VOI-P0-001-杨凛声音,BY-REL-P1-003-声音来源真实性;BY-SND-P1-002-登月服内部呼吸与结构声,,阶段1映射完成｜阶段2B按镜头状态调用,月面外部没有脚步声。
056,08,出舱与中国航天员首次踏上月面,00:07:32–00:07:42,10,揽月外部固定相机／近全景,杨凛一只脚接触月面，重心缓慢转移，站稳后停顿并抬头。,月面相机部署前｜不得使用便携相机第三视角,A｜航天器／宇航服／月面真实任务机位推演,BY-CHR-P0-001-杨凛;BY-CHR-P0-002-陈砚;BY-CST-P0-001-杨凛舱内飞行服;BY-CST-P0-004-杨凛望宇登月服;BY-CST-P0-005-陈砚望宇登月服;BY-LGT-P0-004-月面艺术化任务日光;BY-PRP-P1-015-航天器任务相机组;BY-REL-P0-005-揽月构型状态链;BY-REL-P0-012-月面艺术化光照与声明;BY-REL-P1-001-月面空间总图;BY-REL-P1-007-摄影来源证据层级;BY-SCN-P0-004-月面着陆与作业区;BY-VEH-P0-003-揽月登月舱;BY-VFX-P0-002-触月关机与月尘回落;BY-VFX-P0-003-第一足印月壤形变,BY-VOI-P0-001-杨凛声音;BY-VOI-P1-004-北京飞控主调度声音,BY-REL-P1-003-声音来源真实性;BY-SND-P1-002-登月服内部呼吸与结构声;BY-SND-P1-003-发动机舱内结构振动,,阶段1映射完成｜阶段2B按镜头状态调用,不虚构口号；给身体动作和通信延迟留出完整时间。
057,08,出舱与中国航天员首次踏上月面,00:07:42–00:07:50,8,宇航服相机／月面小范围,杨凛检查足下承载、转身幅度和安全绳活动范围，随后移至舱梯侧方安全位置。,常规任务状态,A｜航天器／宇航服／月面真实任务机位推演,BY-CHR-P0-001-杨凛;BY-CHR-P0-002-陈砚;BY-CST-P0-001-杨凛舱内飞行服;BY-CST-P0-004-杨凛望宇登月服;BY-CST-P0-005-陈砚望宇登月服;BY-LGT-P0-004-月面艺术化任务日光;BY-PRP-P1-004-月面工具包与载荷固定系统;BY-PRP-P1-014-宇航服任务相机;BY-REL-P0-012-月面艺术化光照与声明;BY-REL-P1-001-月面空间总图;BY-REL-P1-007-摄影来源证据层级;BY-SCN-P0-004-月面着陆与作业区,BY-VOI-P0-001-杨凛声音,BY-REL-P1-003-声音来源真实性;BY-SND-P1-002-登月服内部呼吸与结构声,,阶段1映射完成｜阶段2B按镜头状态调用,专业上先完成安全检查，再允许第二人下梯。
058,08,出舱与中国航天员首次踏上月面,00:07:50–00:07:58,8,揽月外部固定相机,陈砚按同一路径单人出舱并下梯；杨凛在安全距离监护。,常规任务状态,A｜航天器／宇航服／月面真实任务机位推演,BY-CHR-P0-001-杨凛;BY-CHR-P0-002-陈砚;BY-CST-P0-001-杨凛舱内飞行服;BY-CST-P0-002-陈砚舱内飞行服;BY-CST-P0-004-杨凛望宇登月服;BY-CST-P0-005-陈砚望宇登月服;BY-PRP-P1-015-航天器任务相机组;BY-REL-P0-005-揽月构型状态链;BY-REL-P1-007-摄影来源证据层级;BY-VEH-P0-003-揽月登月舱,BY-VOI-P0-002-陈砚声音,BY-REL-P1-003-声音来源真实性;BY-SND-P1-002-登月服内部呼吸与结构声,,阶段1映射完成｜阶段2B按镜头状态调用,不让两人同时挤在舱口或扶梯。
059,08,出舱与中国航天员首次踏上月面,00:07:58–00:08:04,6,揽月外部固定相机,两人在落脚区相互检查生命保障外观，随后面向相机短暂挥手。,常规任务状态,A｜航天器／宇航服／月面真实任务机位推演,BY-CHR-P0-001-杨凛;BY-CHR-P0-002-陈砚;BY-CST-P0-004-杨凛望宇登月服;BY-CST-P0-005-陈砚望宇登月服;BY-PRP-P1-015-航天器任务相机组;BY-REL-P0-005-揽月构型状态链;BY-REL-P1-007-摄影来源证据层级;BY-VEH-P0-003-揽月登月舱,BY-VOI-P0-001-杨凛声音;BY-VOI-P1-004-北京飞控主调度声音,BY-REL-P1-003-声音来源真实性;BY-SND-P1-002-登月服内部呼吸与结构声,,阶段1映射完成｜阶段2B按镜头状态调用,挥手发生在安全检查之后。
060,08,出舱与中国航天员首次踏上月面,00:08:04–00:08:11,7,宇航服相机／低机位,两人从揽月外部取出折叠三脚架和便携月面相机，在着陆器侧前方安全距离固定并对准揽月与工作区。,常规任务状态,A｜航天器／宇航服／月面真实任务机位推演,BY-CHR-P0-001-杨凛;BY-CHR-P0-002-陈砚;BY-CST-P0-004-杨凛望宇登月服;BY-CST-P0-005-陈砚望宇登月服;BY-LGT-P0-004-月面艺术化任务日光;BY-PRP-P0-003-便携式月面摄像机;BY-PRP-P1-014-宇航服任务相机;BY-REL-P0-005-揽月构型状态链;BY-REL-P0-006-月面摄像机摄影来源;BY-REL-P0-012-月面艺术化光照与声明;BY-REL-P1-001-月面空间总图;BY-REL-P1-007-摄影来源证据层级;BY-SCN-P0-004-月面着陆与作业区;BY-VEH-P0-003-揽月登月舱,BY-VOI-P0-001-杨凛声音;BY-VOI-P0-002-陈砚声音,BY-REL-P1-003-声音来源真实性;BY-SND-P1-002-登月服内部呼吸与结构声;BY-SND-P1-003-发动机舱内结构振动,,阶段1映射完成｜阶段2B按镜头状态调用,从下一场起，第三视角可由这台真实任务相机提供。
061,09,国旗展示与科学任务说明,00:08:11–00:08:17,6,便携月面相机固定全景,两名航天员、完整揽月和工作区同时入画；陈砚在相机前做链路手势，杨凛转向着陆腿。,同一便携月面相机｜机位连续,A｜航天器／宇航服／月面真实任务机位推演,BY-ANM-P1-001-月面科研时间压缩;BY-CHR-P0-001-杨凛;BY-CHR-P0-002-陈砚;BY-CST-P0-001-杨凛舱内飞行服;BY-CST-P0-002-陈砚舱内飞行服;BY-CST-P0-004-杨凛望宇登月服;BY-CST-P0-005-陈砚望宇登月服;BY-LGT-P0-004-月面艺术化任务日光;BY-PRP-P0-003-便携式月面摄像机;BY-REL-P0-005-揽月构型状态链;BY-REL-P0-006-月面摄像机摄影来源;BY-REL-P0-012-月面艺术化光照与声明;BY-REL-P1-001-月面空间总图;BY-REL-P1-007-摄影来源证据层级;BY-SCN-P0-004-月面着陆与作业区;BY-VEH-P0-003-揽月登月舱,BY-VOI-P1-004-北京飞控主调度声音,BY-REL-P1-003-声音来源真实性;BY-SND-P1-002-登月服内部呼吸与结构声;BY-SND-P1-003-发动机舱内结构振动,,阶段1映射完成｜阶段2B按镜头状态调用,第一次使用真实部署的第三视角。
062,09,国旗展示与科学任务说明,00:08:17–00:08:24,7,宇航服相机／着陆腿侧,杨凛巡视着陆腿、喷流影响区和舱体外观；陈砚用样品袋完成近舱紧急样品采集。,常规任务状态,A｜航天器／宇航服／月面真实任务机位推演,BY-ANM-P1-001-月面科研时间压缩;BY-CHR-P0-001-杨凛;BY-CHR-P0-002-陈砚;BY-CST-P0-001-杨凛舱内飞行服;BY-CST-P0-002-陈砚舱内飞行服;BY-CST-P0-004-杨凛望宇登月服;BY-CST-P0-005-陈砚望宇登月服;BY-CST-P1-001-杨凛登月服轻度月尘状态;BY-CST-P1-002-陈砚登月服轻度月尘状态;BY-PRP-P1-002-月壤样品容器;BY-PRP-P1-014-宇航服任务相机;BY-REL-P1-006-月面科学路线与样品链;BY-REL-P1-007-摄影来源证据层级;BY-SCN-P1-005-月面后段科考区,,BY-REL-P1-003-声音来源真实性;BY-SND-P1-002-登月服内部呼吸与结构声;BY-SND-P1-003-发动机舱内结构振动,,阶段1映射完成｜阶段2B按镜头状态调用,先保证安全与最低限度样品，再展开后续任务。
063,09,国旗展示与科学任务说明,00:08:24–00:08:31,7,便携月面相机中远景,两人从揽月外部释放月球车与采样箱，随后展开折叠式国旗展示装置。,同一便携月面相机｜机位连续,A｜航天器／宇航服／月面真实任务机位推演,BY-ANM-P1-001-月面科研时间压缩;BY-CHR-P0-001-杨凛;BY-CHR-P0-002-陈砚;BY-CST-P0-004-杨凛望宇登月服;BY-CST-P0-005-陈砚望宇登月服;BY-CST-P1-001-杨凛登月服轻度月尘状态;BY-CST-P1-002-陈砚登月服轻度月尘状态;BY-LGT-P0-004-月面艺术化任务日光;BY-PRP-P0-003-便携式月面摄像机;BY-PRP-P0-004-工程化国旗展示装置;BY-PRP-P1-012-月球车任务相机组;BY-REL-P0-005-揽月构型状态链;BY-REL-P0-006-月面摄像机摄影来源;BY-REL-P0-007-国旗装置部署链;BY-REL-P0-012-月面艺术化光照与声明;BY-REL-P1-001-月面空间总图;BY-REL-P1-006-月面科学路线与样品链;BY-REL-P1-007-摄影来源证据层级;BY-SCN-P0-004-月面着陆与作业区;BY-SCN-P1-005-月面后段科考区;BY-SYM-P0-001-中华人民共和国国旗图形;BY-VEH-P0-003-揽月登月舱;BY-VEH-P0-004-探索载人月球车;BY-VFX-P1-007-月球车轮迹与低重力扬尘,,BY-REL-P1-003-声音来源真实性;BY-SND-P1-002-登月服内部呼吸与结构声;BY-SND-P1-007-月球车设备链路结构声,,阶段1映射完成｜阶段2B按镜头状态调用,国旗装置保持工程化和可操作尺度。
064,09,国旗展示与科学任务说明,00:08:31–00:08:40,9,便携月面相机固定全景,五星红旗在横杆支撑下完整展开，两名航天员分立两侧，揽月位于后方。,同一便携月面相机｜机位连续,A｜航天器／宇航服／月面真实任务机位推演,BY-ANM-P1-001-月面科研时间压缩;BY-CHR-P0-001-杨凛;BY-CHR-P0-002-陈砚;BY-CST-P0-004-杨凛望宇登月服;BY-CST-P0-005-陈砚望宇登月服;BY-CST-P1-001-杨凛登月服轻度月尘状态;BY-CST-P1-002-陈砚登月服轻度月尘状态;BY-LGT-P0-004-月面艺术化任务日光;BY-PRP-P0-003-便携式月面摄像机;BY-REL-P0-005-揽月构型状态链;BY-REL-P0-006-月面摄像机摄影来源;BY-REL-P0-012-月面艺术化光照与声明;BY-REL-P1-001-月面空间总图;BY-REL-P1-007-摄影来源证据层级;BY-SCN-P0-004-月面着陆与作业区;BY-VEH-P0-003-揽月登月舱,BY-VOI-P0-001-杨凛声音,BY-REL-P1-003-声音来源真实性;BY-SND-P1-002-登月服内部呼吸与结构声,,阶段1映射完成｜阶段2B按镜头状态调用,月面无风，旗面不自行飘动。
065,09,国旗展示与科学任务说明,00:08:40–00:08:51,11,媒体区记者近景,林知夏身后大屏是国旗、航天员和揽月同框画面。,常规任务状态,B｜地面直播／测控任务机位,BY-ANM-P1-001-月面科研时间压缩;BY-CHR-P0-001-杨凛;BY-CHR-P0-002-陈砚;BY-CHR-P1-002-林知夏;BY-CST-P0-004-杨凛望宇登月服;BY-CST-P0-005-陈砚望宇登月服;BY-CST-P1-001-杨凛登月服轻度月尘状态;BY-CST-P1-002-陈砚登月服轻度月尘状态;BY-CST-P1-004-林知夏记者服装;BY-LGT-P0-004-月面艺术化任务日光;BY-LGT-P1-008-飞控媒体区直播光;BY-PRP-P0-004-工程化国旗展示装置;BY-REL-P0-005-揽月构型状态链;BY-REL-P0-007-国旗装置部署链;BY-REL-P0-012-月面艺术化光照与声明;BY-REL-P1-001-月面空间总图;BY-REL-P1-007-摄影来源证据层级;BY-REL-P1-008-三段直播结构链;BY-SCN-P0-004-月面着陆与作业区;BY-SCN-P1-003-飞控中心媒体区;BY-SYM-P0-001-中华人民共和国国旗图形;BY-VEH-P0-003-揽月登月舱,BY-VOI-P1-002-林知夏声音,BY-REL-P1-003-声音来源真实性;BY-SND-P1-002-登月服内部呼吸与结构声;BY-SND-P1-009-媒体区直播现场声,BY-SYM-P1-007-直播进口出口与倒计时,阶段1映射完成｜阶段2B按镜头状态调用,载人登月国旗的具体实现仍属于艺术推演；不写成官方已公布方案。
066,09,国旗展示与科学任务说明,00:08:51–00:09:05,14,媒体区专家双人,顾青岚指向着陆区地质图，图上显示附近不同颜色的地质单元和短程活动范围。,常规任务状态,B｜地面直播／测控任务机位,BY-ANM-P1-001-月面科研时间压缩;BY-CHR-P1-002-林知夏;BY-CHR-P1-006-顾青岚;BY-CST-P1-001-杨凛登月服轻度月尘状态;BY-CST-P1-002-陈砚登月服轻度月尘状态;BY-CST-P1-004-林知夏记者服装;BY-CST-P1-008-顾青岚专家服装;BY-LGT-P0-004-月面艺术化任务日光;BY-LGT-P1-008-飞控媒体区直播光;BY-REL-P0-012-月面艺术化光照与声明;BY-REL-P1-001-月面空间总图;BY-REL-P1-006-月面科学路线与样品链;BY-REL-P1-007-摄影来源证据层级;BY-REL-P1-008-三段直播结构链;BY-SCN-P0-004-月面着陆与作业区;BY-SCN-P1-003-飞控中心媒体区;BY-SCN-P1-005-月面后段科考区,BY-VOI-P1-014-顾青岚声音,BY-REL-P1-003-声音来源真实性;BY-SND-P1-002-登月服内部呼吸与结构声;BY-SND-P1-003-发动机舱内结构振动;BY-SND-P1-009-媒体区直播现场声,BY-SYM-P1-007-直播进口出口与倒计时,阶段1映射完成｜阶段2B按镜头状态调用,项目坐标是艺术锁定点，不说成官方着陆点。
067,09,国旗展示与科学任务说明,00:09:05–00:09:11,6,地质图卡／任务路线,路线依次标出表取样、岩芯钻取和科学载荷部署点。,常规任务状态,D｜后期字幕／解释图卡,BY-ANM-P1-001-月面科研时间压缩;BY-CST-P1-001-杨凛登月服轻度月尘状态;BY-CST-P1-002-陈砚登月服轻度月尘状态;BY-PRP-P1-002-月壤样品容器;BY-PRP-P1-003-月面科学观测设备;BY-REL-P1-006-月面科学路线与样品链;BY-REL-P1-007-摄影来源证据层级;BY-SCN-P1-005-月面后段科考区,BY-VOI-P1-014-顾青岚声音,BY-REL-P1-003-声音来源真实性;BY-SND-P1-002-登月服内部呼吸与结构声,,阶段1映射完成｜阶段2B按镜头状态调用,图卡文字由后期制作。
068,09,国旗展示与科学任务说明,00:09:11–00:09:16,5,月球车侧向固定相机,两名航天员将采样箱固定到月球车，沿预定路线离开着陆器近区。,常规任务状态,A｜航天器／宇航服／月面真实任务机位推演,BY-ANM-P1-001-月面科研时间压缩;BY-CHR-P0-001-杨凛;BY-CHR-P0-002-陈砚;BY-CST-P0-004-杨凛望宇登月服;BY-CST-P0-005-陈砚望宇登月服;BY-CST-P1-001-杨凛登月服轻度月尘状态;BY-CST-P1-002-陈砚登月服轻度月尘状态;BY-LGT-P0-004-月面艺术化任务日光;BY-PRP-P1-012-月球车任务相机组;BY-REL-P0-012-月面艺术化光照与声明;BY-REL-P1-001-月面空间总图;BY-REL-P1-006-月面科学路线与样品链;BY-REL-P1-007-摄影来源证据层级;BY-SCN-P0-004-月面着陆与作业区;BY-SCN-P1-005-月面后段科考区;BY-VEH-P0-004-探索载人月球车;BY-VFX-P1-007-月球车轮迹与低重力扬尘,BY-VOI-P0-001-杨凛声音,BY-REL-P1-003-声音来源真实性;BY-SND-P1-002-登月服内部呼吸与结构声;BY-SND-P1-003-发动机舱内结构振动;BY-SND-P1-007-月球车设备链路结构声,,阶段1映射完成｜阶段2B按镜头状态调用,进入约7小时40分的主舱外活动。
069,10,月面科研时间压缩,00:09:16–00:09:24,8,便携月面相机固定延时／后期时间码,画面保留揽月、国旗和工作区；两名航天员与月球车多次进出画面。时间码由T+06:20推进到T+08:20。,同一便携月面相机｜机位连续,A｜航天器／宇航服／月面真实任务机位推演,BY-ANM-P1-001-月面科研时间压缩;BY-CHR-P0-001-杨凛;BY-CHR-P0-002-陈砚;BY-CST-P0-004-杨凛望宇登月服;BY-CST-P0-005-陈砚望宇登月服;BY-CST-P1-001-杨凛登月服轻度月尘状态;BY-CST-P1-002-陈砚登月服轻度月尘状态;BY-LGT-P0-004-月面艺术化任务日光;BY-PRP-P0-003-便携式月面摄像机;BY-PRP-P0-004-工程化国旗展示装置;BY-PRP-P1-012-月球车任务相机组;BY-REL-P0-005-揽月构型状态链;BY-REL-P0-006-月面摄像机摄影来源;BY-REL-P0-007-国旗装置部署链;BY-REL-P0-012-月面艺术化光照与声明;BY-REL-P1-001-月面空间总图;BY-REL-P1-007-摄影来源证据层级;BY-SCN-P0-004-月面着陆与作业区;BY-SYM-P0-001-中华人民共和国国旗图形;BY-VEH-P0-003-揽月登月舱;BY-VEH-P0-004-探索载人月球车;BY-VFX-P1-007-月球车轮迹与低重力扬尘,,BY-REL-P1-003-声音来源真实性;BY-SND-P1-002-登月服内部呼吸与结构声;BY-SND-P1-007-月球车设备链路结构声,BY-SYM-P1-003-任务阶段与时间跳跃标牌,阶段1映射完成｜阶段2B按镜头状态调用,时间压缩由后期完成，不把月面外部动作声带入。
070,10,月面科研时间压缩,00:09:24–00:09:32,8,月球车前向相机,月球车以低速驶过浅坑与细碎岩块，远处揽月和国旗逐渐缩小。,月面T+时间线连续,A｜航天器／宇航服／月面真实任务机位推演,BY-ANM-P1-001-月面科研时间压缩;BY-CST-P1-001-杨凛登月服轻度月尘状态;BY-CST-P1-002-陈砚登月服轻度月尘状态;BY-LGT-P0-004-月面艺术化任务日光;BY-PRP-P0-004-工程化国旗展示装置;BY-PRP-P1-012-月球车任务相机组;BY-REL-P0-005-揽月构型状态链;BY-REL-P0-007-国旗装置部署链;BY-REL-P0-012-月面艺术化光照与声明;BY-REL-P1-001-月面空间总图;BY-REL-P1-007-摄影来源证据层级;BY-SCN-P0-004-月面着陆与作业区;BY-SYM-P0-001-中华人民共和国国旗图形;BY-VEH-P0-003-揽月登月舱;BY-VEH-P0-004-探索载人月球车;BY-VFX-P1-007-月球车轮迹与低重力扬尘,,BY-REL-P1-003-声音来源真实性;BY-SND-P1-002-登月服内部呼吸与结构声;BY-SND-P1-007-月球车设备链路结构声,,阶段1映射完成｜阶段2B按镜头状态调用,车辆运动无外部轰鸣和轮胎声。
071,10,月面科研时间压缩,00:09:32–00:09:40,8,宇航服相机／第一工作点,陈砚夹取表层样品，杨凛拍摄样品原位、方向标和附近地形。,月面T+时间线连续,A｜航天器／宇航服／月面真实任务机位推演,BY-ANM-P1-001-月面科研时间压缩;BY-CHR-P0-001-杨凛;BY-CHR-P0-002-陈砚;BY-CST-P0-001-杨凛舱内飞行服;BY-CST-P0-002-陈砚舱内飞行服;BY-CST-P0-004-杨凛望宇登月服;BY-CST-P0-005-陈砚望宇登月服;BY-CST-P1-001-杨凛登月服轻度月尘状态;BY-CST-P1-002-陈砚登月服轻度月尘状态;BY-PRP-P1-001-月面采样工具;BY-PRP-P1-014-宇航服任务相机;BY-REL-P1-006-月面科学路线与样品链;BY-REL-P1-007-摄影来源证据层级;BY-SCN-P1-005-月面后段科考区,BY-VOI-P0-002-陈砚声音,BY-REL-P1-003-声音来源真实性;BY-SND-P1-002-登月服内部呼吸与结构声,,阶段1映射完成｜阶段2B按镜头状态调用,采样前先记录原位信息。
072,10,月面科研时间压缩,00:09:40–00:09:48,8,月球车侧后固定相机,两人在不同地貌交界处展开工具，背景中车轮轨迹和近坡地层次清楚。,月面T+时间线连续,A｜航天器／宇航服／月面真实任务机位推演,BY-ANM-P1-001-月面科研时间压缩;BY-CHR-P0-001-杨凛;BY-CHR-P0-002-陈砚;BY-CST-P0-004-杨凛望宇登月服;BY-CST-P0-005-陈砚望宇登月服;BY-CST-P1-001-杨凛登月服轻度月尘状态;BY-CST-P1-002-陈砚登月服轻度月尘状态;BY-LGT-P0-004-月面艺术化任务日光;BY-PRP-P1-012-月球车任务相机组;BY-REL-P0-012-月面艺术化光照与声明;BY-REL-P1-001-月面空间总图;BY-REL-P1-007-摄影来源证据层级;BY-SCN-P0-004-月面着陆与作业区;BY-VEH-P0-004-探索载人月球车;BY-VFX-P1-007-月球车轮迹与低重力扬尘,BY-VOI-P1-014-顾青岚声音,BY-REL-P1-003-声音来源真实性;BY-SND-P1-002-登月服内部呼吸与结构声;BY-SND-P1-007-月球车设备链路结构声,BY-SYM-P1-004-任务轨迹与相位图模板,阶段1映射完成｜阶段2B按镜头状态调用,第三视角来自月球车固定相机。
073,10,月面科研时间压缩,00:09:48–00:09:57,9,宇航服相机／岩芯钻取,杨凛稳定钻机，陈砚监看深度标记并接收岩芯套管。,月面T+时间线连续,A｜航天器／宇航服／月面真实任务机位推演,BY-ANM-P1-001-月面科研时间压缩;BY-CHR-P0-001-杨凛;BY-CHR-P0-002-陈砚;BY-CST-P0-001-杨凛舱内飞行服;BY-CST-P0-002-陈砚舱内飞行服;BY-CST-P0-004-杨凛望宇登月服;BY-CST-P0-005-陈砚望宇登月服;BY-CST-P1-001-杨凛登月服轻度月尘状态;BY-CST-P1-002-陈砚登月服轻度月尘状态;BY-PRP-P1-002-月壤样品容器;BY-PRP-P1-014-宇航服任务相机;BY-REL-P1-006-月面科学路线与样品链;BY-REL-P1-007-摄影来源证据层级;BY-SCN-P1-005-月面后段科考区,BY-VOI-P0-002-陈砚声音,BY-REL-P1-003-声音来源真实性;BY-SND-P1-002-登月服内部呼吸与结构声,,阶段1映射完成｜阶段2B按镜头状态调用,钻具声只通过服体结构传导和通信拾音体现。
074,10,月面科研时间压缩,00:09:57–00:10:06,9,宇航服与月球车相机交叉,两人展开一组科学载荷，调平、连接和自检指示依次完成。,月面T+时间线连续,A｜航天器／宇航服／月面真实任务机位推演,BY-ANM-P1-001-月面科研时间压缩;BY-CHR-P0-001-杨凛;BY-CHR-P0-002-陈砚;BY-CST-P0-004-杨凛望宇登月服;BY-CST-P0-005-陈砚望宇登月服;BY-CST-P1-001-杨凛登月服轻度月尘状态;BY-CST-P1-002-陈砚登月服轻度月尘状态;BY-LGT-P0-004-月面艺术化任务日光;BY-PRP-P1-003-月面科学观测设备;BY-PRP-P1-012-月球车任务相机组;BY-REL-P0-012-月面艺术化光照与声明;BY-REL-P1-001-月面空间总图;BY-REL-P1-006-月面科学路线与样品链;BY-REL-P1-007-摄影来源证据层级;BY-SCN-P0-004-月面着陆与作业区;BY-SCN-P1-005-月面后段科考区;BY-VEH-P0-004-探索载人月球车;BY-VFX-P1-007-月球车轮迹与低重力扬尘,BY-VOI-P0-001-杨凛声音;BY-VOI-P1-004-北京飞控主调度声音,BY-REL-P1-003-声音来源真实性;BY-SND-P1-002-登月服内部呼吸与结构声;BY-SND-P1-007-月球车设备链路结构声,,阶段1映射完成｜阶段2B按镜头状态调用,不虚构具体未公开载荷型号。
075,10,月面科研时间压缩,00:10:06–00:10:16,10,任务相机蒙太奇／后期时间码,表取样、岩芯封装、载荷检查和月球车返程交叉出现。时间码由T+10:40推进到T+12:50。,月面T+时间线连续,A｜航天器／宇航服／月面真实任务机位推演,BY-ANM-P1-001-月面科研时间压缩;BY-CST-P1-001-杨凛登月服轻度月尘状态;BY-CST-P1-002-陈砚登月服轻度月尘状态;BY-LGT-P0-004-月面艺术化任务日光;BY-PRP-P1-002-月壤样品容器;BY-PRP-P1-012-月球车任务相机组;BY-REL-P0-012-月面艺术化光照与声明;BY-REL-P1-001-月面空间总图;BY-REL-P1-006-月面科学路线与样品链;BY-REL-P1-007-摄影来源证据层级;BY-SCN-P0-004-月面着陆与作业区;BY-SCN-P1-005-月面后段科考区;BY-VEH-P0-004-探索载人月球车;BY-VFX-P1-007-月球车轮迹与低重力扬尘,,BY-REL-P1-003-声音来源真实性;BY-SND-P1-002-登月服内部呼吸与结构声;BY-SND-P1-007-月球车设备链路结构声,BY-SYM-P1-003-任务阶段与时间跳跃标牌,阶段1映射完成｜阶段2B按镜头状态调用,只保留可识别的关键动作链。
076,10,月面科研时间压缩,00:10:16–00:10:26,10,便携月面相机固定全景／后期时间码,两人和月球车返回揽月近区，样品箱转移到舱梯旁；最后一次舱外巡视结束。字幕：T+13:40，主舱外活动结束。,同一便携月面相机｜机位连续,A｜航天器／宇航服／月面真实任务机位推演,BY-ANM-P1-001-月面科研时间压缩;BY-CHR-P0-001-杨凛;BY-CHR-P0-002-陈砚;BY-CST-P0-004-杨凛望宇登月服;BY-CST-P0-005-陈砚望宇登月服;BY-CST-P1-001-杨凛登月服轻度月尘状态;BY-CST-P1-002-陈砚登月服轻度月尘状态;BY-LGT-P0-004-月面艺术化任务日光;BY-PRP-P0-003-便携式月面摄像机;BY-PRP-P0-005-密封样品转移容器;BY-PRP-P1-008-主样品容器编号与固定座;BY-PRP-P1-012-月球车任务相机组;BY-REL-P0-005-揽月构型状态链;BY-REL-P0-006-月面摄像机摄影来源;BY-REL-P0-008-样品转移链;BY-REL-P0-012-月面艺术化光照与声明;BY-REL-P1-001-月面空间总图;BY-REL-P1-006-月面科学路线与样品链;BY-REL-P1-007-摄影来源证据层级;BY-SCN-P0-004-月面着陆与作业区;BY-SCN-P1-005-月面后段科考区;BY-VEH-P0-003-揽月登月舱;BY-VEH-P0-004-探索载人月球车;BY-VFX-P1-007-月球车轮迹与低重力扬尘,BY-VOI-P0-001-杨凛声音;BY-VOI-P1-004-北京飞控主调度声音,BY-REL-P1-003-声音来源真实性;BY-SND-P1-002-登月服内部呼吸与结构声;BY-SND-P1-007-月球车设备链路结构声,BY-SYM-P1-003-任务阶段与时间跳跃标牌;BY-SYM-P1-005-样品编号与封签模板,阶段1映射完成｜阶段2B按镜头状态调用,明确关闭约7小时40分主舱外活动时间线。
077,11,回舱、月面起飞与再对接,00:10:26–00:10:34,8,揽月外部固定相机,样品箱和工具包沿回收索先进入舱内，陈砚随后单人上梯，杨凛在月面完成最后检查。,月面T+时间线连续,A｜航天器／宇航服／月面真实任务机位推演,BY-CHR-P0-001-杨凛;BY-CHR-P0-002-陈砚;BY-CST-P0-001-杨凛舱内飞行服;BY-CST-P0-002-陈砚舱内飞行服;BY-CST-P0-004-杨凛望宇登月服;BY-CST-P0-005-陈砚望宇登月服;BY-CST-P1-001-杨凛登月服轻度月尘状态;BY-CST-P1-002-陈砚登月服轻度月尘状态;BY-LGT-P0-004-月面艺术化任务日光;BY-PRP-P0-005-密封样品转移容器;BY-PRP-P1-004-月面工具包与载荷固定系统;BY-PRP-P1-008-主样品容器编号与固定座;BY-PRP-P1-015-航天器任务相机组;BY-REL-P0-005-揽月构型状态链;BY-REL-P0-008-样品转移链;BY-REL-P0-012-月面艺术化光照与声明;BY-REL-P1-001-月面空间总图;BY-REL-P1-006-月面科学路线与样品链;BY-REL-P1-007-摄影来源证据层级;BY-SCN-P0-004-月面着陆与作业区;BY-SCN-P1-005-月面后段科考区;BY-VEH-P0-003-揽月登月舱,BY-VOI-P0-002-陈砚声音,BY-REL-P1-003-声音来源真实性;BY-SND-P1-002-登月服内部呼吸与结构声,BY-SYM-P1-005-样品编号与封签模板,阶段1映射完成｜阶段2B按镜头状态调用,先样品与工具、后人员。
078,11,回舱、月面起飞与再对接,00:10:34–00:10:42,8,舱口与舱内固定机位,杨凛最后进入舱内，舱门关闭；两人完成增压、舱外服清洁隔离和样品固定。,月面T+时间线连续,A｜航天器／宇航服／月面真实任务机位推演,BY-CHR-P0-001-杨凛;BY-CHR-P0-002-陈砚;BY-CST-P0-001-杨凛舱内飞行服;BY-CST-P0-004-杨凛望宇登月服;BY-CST-P0-005-陈砚望宇登月服;BY-CST-P1-001-杨凛登月服轻度月尘状态;BY-CST-P1-002-陈砚登月服轻度月尘状态;BY-LGT-P0-004-月面艺术化任务日光;BY-PRP-P0-005-密封样品转移容器;BY-PRP-P1-008-主样品容器编号与固定座;BY-PRP-P1-009-污染控制用品;BY-REL-P0-008-样品转移链;BY-REL-P0-012-月面艺术化光照与声明;BY-REL-P1-001-月面空间总图;BY-REL-P1-006-月面科学路线与样品链;BY-REL-P1-007-摄影来源证据层级;BY-SCN-P0-004-月面着陆与作业区;BY-SCN-P1-005-月面后段科考区,BY-VOI-P0-001-杨凛声音;BY-VOI-P0-002-陈砚声音,BY-REL-P1-003-声音来源真实性;BY-SND-P1-002-登月服内部呼吸与结构声,BY-SYM-P1-005-样品编号与封签模板,阶段1映射完成｜阶段2B按镜头状态调用,月尘处置只保留公开可解释的最低流程。
079,11,回舱、月面起飞与再对接,00:10:42–00:10:52,10,揽月舱内时间压缩／后期字幕,两人补水进食、医学自检、整理样品、轮换休息并复核起飞程序。字幕由T+14:00推进到T+27:30。,月面T+时间线连续,D｜后期字幕／解释图卡,BY-ANM-P0-002-揽月下降出舱起飞链;BY-CHR-P0-001-杨凛;BY-CHR-P0-002-陈砚;BY-LGT-P0-002-揽月下降任务光;BY-PRP-P0-006-东风医监转移设备;BY-PRP-P1-006-舱内操作界面与任务屏;BY-REL-P0-005-揽月构型状态链;BY-REL-P1-006-月面科学路线与样品链;BY-REL-P1-007-摄影来源证据层级;BY-SCN-P0-003-揽月登月舱舱内;BY-SCN-P1-005-月面后段科考区;BY-VEH-P0-003-揽月登月舱,BY-VOI-P1-012-何文澜声音,BY-REL-P1-003-声音来源真实性;BY-SND-P0-001-舱内生命保障与设备底噪;BY-SND-P1-003-发动机舱内结构振动,BY-SYM-P1-003-任务阶段与时间跳跃标牌,阶段1映射完成｜阶段2B按镜头状态调用,把总驻留时间闭合到约28小时。
080,11,回舱、月面起飞与再对接,00:10:52–00:11:00,8,揽月舱内双人中景,两人穿舱内压力服固定，起飞和再交会页面完成最后检查。,月面T+时间线连续,A｜航天器／宇航服／月面真实任务机位推演,BY-ANM-P0-002-揽月下降出舱起飞链;BY-CHR-P0-001-杨凛;BY-CHR-P0-002-陈砚;BY-LGT-P0-002-揽月下降任务光;BY-PRP-P1-005-两器舱门与对接锁止结果件;BY-PRP-P1-006-舱内操作界面与任务屏;BY-REL-P0-005-揽月构型状态链;BY-REL-P1-007-摄影来源证据层级;BY-SCN-P0-003-揽月登月舱舱内;BY-VEH-P0-003-揽月登月舱;BY-VFX-P1-002-环月轨道交会与对接,BY-VOI-P0-001-杨凛声音;BY-VOI-P0-002-陈砚声音,BY-REL-P1-003-声音来源真实性;BY-SND-P0-001-舱内生命保障与设备底噪;BY-SND-P1-001-舱门对接机构结构传导;BY-SND-P1-003-发动机舱内结构振动,,阶段1映射完成｜阶段2B按镜头状态调用,关键动作开始后停止专家解释。
081,11,回舱、月面起飞与再对接,00:11:00–00:11:10,10,便携月面相机固定全景,字幕：着陆T+28:00。揽月上升级点火离开月面，迅速升出画面；相机继续停留，国旗、脚印、车辙和留置设备在黑色天空下保持不动。,同一便携月面相机｜机位连续,A｜航天器／宇航服／月面真实任务机位推演,BY-LGT-P0-004-月面艺术化任务日光;BY-PRP-P0-003-便携式月面摄像机;BY-PRP-P0-004-工程化国旗展示装置;BY-REL-P0-005-揽月构型状态链;BY-REL-P0-006-月面摄像机摄影来源;BY-REL-P0-007-国旗装置部署链;BY-REL-P0-012-月面艺术化光照与声明;BY-REL-P1-001-月面空间总图;BY-REL-P1-007-摄影来源证据层级;BY-SCN-P0-004-月面着陆与作业区;BY-SYM-P0-001-中华人民共和国国旗图形;BY-VEH-P0-003-揽月登月舱;BY-VEH-P1-004-揽月月面起飞状态;BY-VFX-P0-003-第一足印月壤形变;BY-VFX-P0-004-月面起飞羽流与留场余景,,BY-REL-P1-003-声音来源真实性;BY-SND-P1-003-发动机舱内结构振动,BY-SYM-P1-003-任务阶段与时间跳跃标牌,阶段1映射完成｜阶段2B按镜头状态调用,同一台已部署相机完成视觉回报；离画后保留2—3秒空镜。
082,11,回舱、月面起飞与再对接,00:11:10–00:11:18,8,北京飞控／佳木斯／梦舟交叉,飞控轨迹由月面上升转为环月交会；佳木斯链路连续；刘定槎在两张空座之间监看目标。,梦舟B｜刘定槎值守／两座空置锁定,B｜地面直播／测控任务机位,BY-ANM-P0-001-梦舟四种乘员状态;BY-CHR-P0-003-刘定槎;BY-CRO-P1-001-北京飞控任务团队;BY-CRO-P1-002-深空测控值班团队;BY-CST-P0-003-刘定槎舱内飞行服;BY-LGT-P0-001-梦舟舱内任务光;BY-LGT-P0-004-月面艺术化任务日光;BY-LGT-P1-003-飞控大厅任务光;BY-LGT-P1-004-环月轨道太阳光;BY-LGT-P1-006-深空测控站任务光;BY-PRP-P0-001-梦舟三座椅与束缚系统;BY-PRP-P1-005-两器舱门与对接锁止结果件;BY-PRP-P1-006-舱内操作界面与任务屏;BY-REL-P0-009-梦舟三座返航承载与环月工作位;BY-REL-P0-012-月面艺术化光照与声明;BY-REL-P1-001-月面空间总图;BY-REL-P1-004-地面测控接力链;BY-REL-P1-007-摄影来源证据层级;BY-REL-P1-010-地月视觉尺度连续性;BY-SCN-P0-001-梦舟舱内三座布局;BY-SCN-P0-004-月面着陆与作业区;BY-SCN-P0-005-梦舟环月工作位;BY-SCN-P0-006-北京飞控大厅与任务主屏;BY-SCN-P1-006-环月轨道外部环境;BY-SCN-P1-007-佳木斯66米深空测控站;BY-VEH-P0-001-梦舟载人飞船;BY-VFX-P1-002-环月轨道交会与对接,BY-VOI-P0-003-刘定槎声音;BY-VOI-P1-004-北京飞控主调度声音;BY-VOI-P1-005-林海深空测控声音,BY-REL-P1-003-声音来源真实性;BY-SND-P0-001-舱内生命保障与设备底噪;BY-SND-P1-001-舱门对接机构结构传导;BY-SND-P1-008-飞控与测控大厅底噪,BY-SYM-P1-004-任务轨迹与相位图模板,阶段1映射完成｜阶段2B按镜头状态调用,深空地面站和梦舟共同建立再交会状态。
083,11,回舱、月面起飞与再对接,00:11:18–00:11:25,7,月轨上升侧视／视觉重建,揽月上升级越过月球弧面进入交会轨道，梦舟在远处沿同向飞行；标注：基于实时遥测的视觉重建。,遥测视觉重建｜角标常驻,C｜显式遥测视觉重建,BY-LGT-P1-004-环月轨道太阳光;BY-PRP-P1-005-两器舱门与对接锁止结果件;BY-REL-P0-005-揽月构型状态链;BY-REL-P1-007-摄影来源证据层级;BY-REL-P1-010-地月视觉尺度连续性;BY-SCN-P1-006-环月轨道外部环境;BY-VEH-P0-001-梦舟载人飞船;BY-VEH-P0-003-揽月登月舱;BY-VEH-P1-004-揽月月面起飞状态;BY-VEH-P1-005-揽月月轨再对接状态;BY-VFX-P1-002-环月轨道交会与对接;BY-VFX-P1-008-遥测视觉重建合成,,BY-REL-P1-003-声音来源真实性;BY-SND-P1-001-舱门对接机构结构传导;BY-SND-P1-003-发动机舱内结构振动,BY-SYM-P1-006-视觉重建来源标识,阶段1映射完成｜阶段2B按镜头状态调用,只补充尺度和轨道关系。
084,11,回舱、月面起飞与再对接,00:11:25–00:11:32,7,深空画面／后期字幕,月球弧面和双目标轨迹叠加。字幕：月面起飞后约3小时40分；进入最终交会。,常规任务状态,D｜后期字幕／解释图卡,BY-LGT-P0-004-月面艺术化任务日光;BY-LGT-P1-004-环月轨道太阳光;BY-PRP-P1-005-两器舱门与对接锁止结果件;BY-REL-P0-012-月面艺术化光照与声明;BY-REL-P1-001-月面空间总图;BY-REL-P1-007-摄影来源证据层级;BY-REL-P1-010-地月视觉尺度连续性;BY-SCN-P0-004-月面着陆与作业区;BY-SCN-P1-006-环月轨道外部环境;BY-VFX-P1-002-环月轨道交会与对接,BY-VOI-P0-003-刘定槎声音,BY-REL-P1-003-声音来源真实性;BY-SND-P1-001-舱门对接机构结构传导;BY-SND-P1-003-发动机舱内结构振动,BY-SYM-P1-003-任务阶段与时间跳跃标牌;BY-SYM-P1-004-任务轨迹与相位图模板,阶段1映射完成｜阶段2B按镜头状态调用,具体时间为本片艺术流程。
085,11,回舱、月面起飞与再对接,00:11:32–00:11:42,10,对接口监视相机／舱内交叉,揽月目标沿轴线闭合，完成接触捕获、硬连接和密封检查；三方只报关键状态。,常规任务状态,A｜航天器／宇航服／月面真实任务机位推演,BY-PRP-P1-005-两器舱门与对接锁止结果件;BY-PRP-P1-015-航天器任务相机组;BY-REL-P0-005-揽月构型状态链;BY-REL-P1-007-摄影来源证据层级;BY-VEH-P0-003-揽月登月舱;BY-VEH-P1-004-揽月月面起飞状态;BY-VEH-P1-005-揽月月轨再对接状态;BY-VFX-P1-002-环月轨道交会与对接,BY-VOI-P0-001-杨凛声音;BY-VOI-P0-003-刘定槎声音;BY-VOI-P1-004-北京飞控主调度声音,BY-REL-P1-003-声音来源真实性;BY-SND-P1-001-舱门对接机构结构传导,,阶段1映射完成｜阶段2B按镜头状态调用,再对接以任务证据相机主导。
086,11,回舱、月面起飞与再对接,00:11:42–00:11:51,9,梦舟返回舱后向广角,舱门开启后，杨凛、陈砚携样品依次进入梦舟并固定；三把座椅重新全部有人，刘定槎与两人短暂对视。,梦舟C｜三人重聚／样品归舱,A｜航天器／宇航服／月面真实任务机位推演,BY-ANM-P0-001-梦舟四种乘员状态;BY-CHR-P0-001-杨凛;BY-CHR-P0-002-陈砚;BY-CHR-P0-003-刘定槎;BY-CST-P0-001-杨凛舱内飞行服;BY-CST-P0-002-陈砚舱内飞行服;BY-CST-P0-003-刘定槎舱内飞行服;BY-LGT-P0-001-梦舟舱内任务光;BY-PRP-P0-001-梦舟三座椅与束缚系统;BY-PRP-P1-006-舱内操作界面与任务屏;BY-REL-P0-009-梦舟三座返航承载与环月工作位;BY-REL-P1-006-月面科学路线与样品链;BY-REL-P1-007-摄影来源证据层级;BY-SCN-P0-001-梦舟舱内三座布局;BY-SCN-P0-005-梦舟环月工作位;BY-SCN-P1-005-月面后段科考区;BY-VEH-P0-001-梦舟载人飞船,BY-VOI-P0-001-杨凛声音;BY-VOI-P0-003-刘定槎声音,BY-REL-P1-003-声音来源真实性;BY-SND-P0-001-舱内生命保障与设备底噪,,阶段1映射完成｜阶段2B按镜头状态调用,第三次建立三座满员，完成视觉母题回收。
087,12,直播二结束：三人重聚,00:11:51–00:12:00,9,媒体区记者中景,林知夏身后大屏显示三人已返回梦舟和样品状态。,常规任务状态,B｜地面直播／测控任务机位,BY-CHR-P0-001-杨凛;BY-CHR-P0-002-陈砚;BY-CHR-P0-003-刘定槎;BY-CHR-P1-002-林知夏;BY-CST-P0-001-杨凛舱内飞行服;BY-CST-P0-002-陈砚舱内飞行服;BY-CST-P0-003-刘定槎舱内飞行服;BY-CST-P1-004-林知夏记者服装;BY-LGT-P1-008-飞控媒体区直播光;BY-REL-P1-006-月面科学路线与样品链;BY-REL-P1-007-摄影来源证据层级;BY-REL-P1-008-三段直播结构链;BY-SCN-P1-003-飞控中心媒体区;BY-SCN-P1-005-月面后段科考区;BY-VEH-P0-001-梦舟载人飞船,BY-VOI-P1-002-林知夏声音,BY-REL-P1-003-声音来源真实性;BY-SND-P1-009-媒体区直播现场声,BY-SYM-P1-007-直播进口出口与倒计时,阶段1映射完成｜阶段2B按镜头状态调用,明确直播出口。
088,12,直播二结束：三人重聚,00:12:00–00:12:16,16,媒体区专家双人,孙亦川站在地月返回轨迹图前，轨迹依次标出离月、途中修正和再入入口。,常规任务状态,B｜地面直播／测控任务机位,BY-CHR-P1-002-林知夏;BY-CHR-P1-005-孙亦川;BY-CST-P1-004-林知夏记者服装;BY-CST-P1-007-孙亦川专家服装;BY-LGT-P0-005-返回舱再入等离子辉光;BY-LGT-P1-008-飞控媒体区直播光;BY-REL-P0-011-梦舟返地构型状态链;BY-REL-P0-013-返回舱再入搜救状态链;BY-REL-P1-007-摄影来源证据层级;BY-REL-P1-008-三段直播结构链;BY-SCN-P0-007-返回舱再入视觉环境;BY-SCN-P1-003-飞控中心媒体区;BY-VEH-P0-005-梦舟月轨组合体;BY-VEH-P0-006-梦舟返回舱独立再入构型;BY-VFX-P0-005-返回舱等离子辉光与黑障视觉;BY-VFX-P1-003-月地转移点火与月球远离;BY-VFX-P1-005-半弹道跳跃式再入轨迹,BY-VOI-P1-013-孙亦川声音,BY-REL-P1-003-声音来源真实性;BY-SND-P1-004-再入结构与通信衰减;BY-SND-P1-009-媒体区直播现场声,BY-SYM-P1-004-任务轨迹与相位图模板;BY-SYM-P1-007-直播进口出口与倒计时,阶段1映射完成｜阶段2B按镜头状态调用,不给返航段冠以“相对平静”而省略工程工作。
089,12,直播二结束：三人重聚,00:12:16–00:12:21,5,月轨远景／视觉重建,梦舟离开月球轨道，月球在画面中缓慢远去；字幕：本段直播结束。,遥测视觉重建｜角标常驻,C｜显式遥测视觉重建,BY-LGT-P1-004-环月轨道太阳光;BY-REL-P0-011-梦舟返地构型状态链;BY-REL-P1-007-摄影来源证据层级;BY-REL-P1-010-地月视觉尺度连续性;BY-SCN-P1-006-环月轨道外部环境;BY-VEH-P0-001-梦舟载人飞船;BY-VEH-P0-005-梦舟月轨组合体;BY-VFX-P1-003-月地转移点火与月球远离;BY-VFX-P1-008-遥测视觉重建合成,,BY-REL-P1-003-声音来源真实性,BY-SYM-P1-003-任务阶段与时间跳跃标牌;BY-SYM-P1-006-视觉重建来源标识,阶段1映射完成｜阶段2B按镜头状态调用,揽月后续处置不作未公开细节展示。
090,13,直播三开场：进入地球再入走廊,00:12:21–00:12:29,8,深空／后期字幕,地球由远处蓝白圆盘逐渐扩大。字幕：2029年4月13日；离开月球轨道约三天；梦舟接近再入入口。,常规任务状态,D｜后期字幕／解释图卡,BY-LGT-P0-005-返回舱再入等离子辉光;BY-LGT-P1-004-环月轨道太阳光;BY-REL-P0-011-梦舟返地构型状态链;BY-REL-P0-013-返回舱再入搜救状态链;BY-REL-P1-007-摄影来源证据层级;BY-REL-P1-010-地月视觉尺度连续性;BY-SCN-P0-007-返回舱再入视觉环境;BY-SCN-P1-006-环月轨道外部环境;BY-VEH-P0-001-梦舟载人飞船;BY-VEH-P0-005-梦舟月轨组合体;BY-VEH-P0-006-梦舟返回舱独立再入构型;BY-VFX-P0-005-返回舱等离子辉光与黑障视觉;BY-VFX-P1-003-月地转移点火与月球远离;BY-VFX-P1-005-半弹道跳跃式再入轨迹,,BY-REL-P1-003-声音来源真实性;BY-SND-P1-004-再入结构与通信衰减,BY-SYM-P1-003-任务阶段与时间跳跃标牌,阶段1映射完成｜阶段2B按镜头状态调用,地球视觉尺度随距离变化，不表现为静止小蓝点。
091,13,直播三开场：进入地球再入走廊,00:12:29–00:12:37,8,北京飞控大厅广角,主屏显示地月返回末段、再入走廊和东风着陆场天气；返回、轨道、测控和着陆场协调席位同步工作。,常规任务状态,B｜地面直播／测控任务机位,BY-CRO-P1-001-北京飞控任务团队;BY-CRO-P1-003-搜救与医疗团队;BY-LGT-P0-005-返回舱再入等离子辉光;BY-LGT-P1-003-飞控大厅任务光;BY-LGT-P1-007-搜救着陆区日间自然光;BY-REL-P0-011-梦舟返地构型状态链;BY-REL-P0-013-返回舱再入搜救状态链;BY-REL-P1-007-摄影来源证据层级;BY-REL-P1-009-东风医监与样品双线;BY-SCN-P0-006-北京飞控大厅与任务主屏;BY-SCN-P0-007-返回舱再入视觉环境;BY-SCN-P0-008-预定着陆区与搜救现场;BY-VEH-P0-005-梦舟月轨组合体;BY-VEH-P0-006-梦舟返回舱独立再入构型;BY-VFX-P0-005-返回舱等离子辉光与黑障视觉;BY-VFX-P1-003-月地转移点火与月球远离;BY-VFX-P1-005-半弹道跳跃式再入轨迹,BY-VOI-P1-004-北京飞控主调度声音,BY-REL-P1-003-声音来源真实性;BY-SND-P1-003-发动机舱内结构振动;BY-SND-P1-004-再入结构与通信衰减;BY-SND-P1-006-搜救现场声;BY-SND-P1-008-飞控与测控大厅底噪,BY-SYM-P1-004-任务轨迹与相位图模板,阶段1映射完成｜阶段2B按镜头状态调用,飞控大厅保持工作状态，不提前庆祝。
092,13,直播三开场：进入地球再入走廊,00:12:37–00:12:47,10,媒体区记者中景,林知夏站在再入轨迹图旁，东风搜救画面出现在副屏。,常规任务状态,B｜地面直播／测控任务机位,BY-CHR-P1-002-林知夏;BY-CRO-P1-003-搜救与医疗团队;BY-CST-P1-004-林知夏记者服装;BY-LGT-P0-005-返回舱再入等离子辉光;BY-LGT-P1-007-搜救着陆区日间自然光;BY-LGT-P1-008-飞控媒体区直播光;BY-REL-P0-011-梦舟返地构型状态链;BY-REL-P0-013-返回舱再入搜救状态链;BY-REL-P1-007-摄影来源证据层级;BY-REL-P1-008-三段直播结构链;BY-REL-P1-009-东风医监与样品双线;BY-SCN-P0-007-返回舱再入视觉环境;BY-SCN-P0-008-预定着陆区与搜救现场;BY-SCN-P1-003-飞控中心媒体区;BY-VEH-P0-006-梦舟返回舱独立再入构型;BY-VFX-P0-005-返回舱等离子辉光与黑障视觉;BY-VFX-P1-005-半弹道跳跃式再入轨迹,BY-VOI-P1-002-林知夏声音,BY-REL-P1-003-声音来源真实性;BY-SND-P1-004-再入结构与通信衰减;BY-SND-P1-006-搜救现场声;BY-SND-P1-009-媒体区直播现场声,BY-SYM-P1-004-任务轨迹与相位图模板;BY-SYM-P1-007-直播进口出口与倒计时,阶段1映射完成｜阶段2B按镜头状态调用,用观众能理解的语言说明下一事件。
093,13,直播三开场：进入地球再入走廊,00:12:47–00:13:03,16,媒体区专家双人,孙亦川用两条速度标尺和半弹道跳跃式再入示意解释，林知夏在旁倾听。,常规任务状态,B｜地面直播／测控任务机位,BY-CHR-P1-002-林知夏;BY-CHR-P1-005-孙亦川;BY-CST-P1-004-林知夏记者服装;BY-CST-P1-007-孙亦川专家服装;BY-LGT-P0-005-返回舱再入等离子辉光;BY-LGT-P1-008-飞控媒体区直播光;BY-REL-P0-011-梦舟返地构型状态链;BY-REL-P0-013-返回舱再入搜救状态链;BY-REL-P1-007-摄影来源证据层级;BY-REL-P1-008-三段直播结构链;BY-SCN-P0-007-返回舱再入视觉环境;BY-SCN-P1-003-飞控中心媒体区;BY-VEH-P0-006-梦舟返回舱独立再入构型;BY-VFX-P0-005-返回舱等离子辉光与黑障视觉;BY-VFX-P1-005-半弹道跳跃式再入轨迹,BY-VOI-P1-013-孙亦川声音,BY-REL-P1-003-声音来源真实性;BY-SND-P1-004-再入结构与通信衰减;BY-SND-P1-009-媒体区直播现场声,BY-SYM-P1-004-任务轨迹与相位图模板;BY-SYM-P1-007-直播进口出口与倒计时,阶段1映射完成｜阶段2B按镜头状态调用,不使用“以第二宇宙速度撞向大气层”的错误说法。
094,13,直播三开场：进入地球再入走廊,00:13:03–00:13:13,10,东风着陆场任务画面,地面雷达、光学测量、终端红外、直升机和地面搜救车组进入待命；医监医保舱和样品接收箱完成检查。,常规任务状态,B｜地面直播／测控任务机位,BY-CRO-P1-003-搜救与医疗团队;BY-LGT-P1-007-搜救着陆区日间自然光;BY-PRP-P1-013-东风样品接收设备;BY-REL-P0-013-返回舱再入搜救状态链;BY-REL-P1-006-月面科学路线与样品链;BY-REL-P1-007-摄影来源证据层级;BY-REL-P1-009-东风医监与样品双线;BY-SCN-P0-008-预定着陆区与搜救现场;BY-SCN-P1-005-月面后段科考区;BY-VEH-P1-008-搜救直升机与地面车辆,BY-VOI-P1-008-搜救指挥声音,BY-REL-P1-003-声音来源真实性;BY-SND-P1-003-发动机舱内结构振动;BY-SND-P1-006-搜救现场声,BY-SYM-P1-005-样品编号与封签模板,阶段1映射完成｜阶段2B按镜头状态调用,主着陆场锁定东风。
095,13,直播三开场：进入地球再入走廊,00:13:13–00:13:21,8,轨迹仿真／任务图卡,返回舱、两次再入段、黑障区和预报落区在同一张简化图上依次点亮。,常规任务状态,D｜后期字幕／解释图卡,BY-LGT-P0-005-返回舱再入等离子辉光;BY-REL-P0-011-梦舟返地构型状态链;BY-REL-P0-013-返回舱再入搜救状态链;BY-REL-P1-007-摄影来源证据层级;BY-SCN-P0-007-返回舱再入视觉环境;BY-VEH-P0-006-梦舟返回舱独立再入构型;BY-VFX-P0-005-返回舱等离子辉光与黑障视觉;BY-VFX-P1-005-半弹道跳跃式再入轨迹,BY-VOI-P1-002-林知夏声音,BY-REL-P1-003-声音来源真实性;BY-SND-P1-004-再入结构与通信衰减,BY-SYM-P1-004-任务轨迹与相位图模板,阶段1映射完成｜阶段2B按镜头状态调用,图卡文字和标识由后期完成。
096,14,半弹道跳跃式再入与黑障,00:13:21–00:13:30,9,梦舟外部任务相机／视觉重建交叉,返回舱与服务舱按程序分离，返回舱调整为再入姿态；外部全景角落标注视觉重建。,遥测视觉重建｜角标常驻,C｜显式遥测视觉重建,BY-LGT-P0-005-返回舱再入等离子辉光;BY-PRP-P1-015-航天器任务相机组;BY-REL-P0-011-梦舟返地构型状态链;BY-REL-P0-013-返回舱再入搜救状态链;BY-REL-P1-007-摄影来源证据层级;BY-SCN-P0-007-返回舱再入视觉环境;BY-VEH-P0-001-梦舟载人飞船;BY-VEH-P0-006-梦舟返回舱独立再入构型;BY-VEH-P1-007-梦舟服务舱近地分离状态;BY-VFX-P0-005-返回舱等离子辉光与黑障视觉;BY-VFX-P1-005-半弹道跳跃式再入轨迹;BY-VFX-P1-008-遥测视觉重建合成,BY-VOI-P0-001-杨凛声音,BY-REL-P1-003-声音来源真实性;BY-SND-P1-004-再入结构与通信衰减,BY-SYM-P1-006-视觉重建来源标识,阶段1映射完成｜阶段2B按镜头状态调用,梦舟返回舱是唯一载人密封舱。
097,14,半弹道跳跃式再入与黑障,00:13:30–00:13:39,9,梦舟舱内三人中景,三人固定在承力座椅，面窗外可见地球弧面；陈砚确认样品箱锁定，刘定槎监看入口参数。,梦舟D｜三人返航承载／再入着陆,A｜航天器／宇航服／月面真实任务机位推演,BY-ANM-P0-001-梦舟四种乘员状态;BY-CHR-P0-001-杨凛;BY-CHR-P0-002-陈砚;BY-CHR-P0-003-刘定槎;BY-CST-P0-001-杨凛舱内飞行服;BY-CST-P0-002-陈砚舱内飞行服;BY-CST-P0-003-刘定槎舱内飞行服;BY-LGT-P0-001-梦舟舱内任务光;BY-PRP-P0-001-梦舟三座椅与束缚系统;BY-PRP-P0-005-密封样品转移容器;BY-PRP-P1-006-舱内操作界面与任务屏;BY-PRP-P1-008-主样品容器编号与固定座;BY-REL-P0-008-样品转移链;BY-REL-P0-009-梦舟三座返航承载与环月工作位;BY-REL-P1-006-月面科学路线与样品链;BY-REL-P1-007-摄影来源证据层级;BY-SCN-P0-001-梦舟舱内三座布局;BY-SCN-P0-005-梦舟环月工作位;BY-SCN-P1-005-月面后段科考区;BY-VEH-P0-001-梦舟载人飞船,BY-VOI-P0-002-陈砚声音;BY-VOI-P0-003-刘定槎声音,BY-REL-P1-003-声音来源真实性;BY-SND-P0-001-舱内生命保障与设备底噪,BY-SYM-P1-005-样品编号与封签模板,阶段1映射完成｜阶段2B按镜头状态调用,第四次出现三座满员，进入返航兑现。
098,14,半弹道跳跃式再入与黑障,00:13:39–00:13:48,9,再入外景／视觉重建,返回舱首次进入稀薄大气，等离子辉光从前缘建立，地球弧面快速移动。,梦舟D｜三人返航承载／再入着陆,C｜显式遥测视觉重建,BY-LGT-P0-005-返回舱再入等离子辉光;BY-REL-P0-011-梦舟返地构型状态链;BY-REL-P0-013-返回舱再入搜救状态链;BY-REL-P1-007-摄影来源证据层级;BY-SCN-P0-007-返回舱再入视觉环境;BY-VEH-P0-006-梦舟返回舱独立再入构型;BY-VFX-P0-005-返回舱等离子辉光与黑障视觉;BY-VFX-P1-005-半弹道跳跃式再入轨迹;BY-VFX-P1-008-遥测视觉重建合成,,BY-REL-P1-003-声音来源真实性;BY-SND-P1-003-发动机舱内结构振动;BY-SND-P1-004-再入结构与通信衰减,BY-SYM-P1-006-视觉重建来源标识,阶段1映射完成｜阶段2B按镜头状态调用,视觉重建不替代舱内与地面遥测。
099,14,半弹道跳跃式再入与黑障,00:13:48–00:13:57,9,舱内固定近景,三名航天员承受载荷，座椅与肩带变形克制；杨凛按节奏呼吸，刘定槎读数。,梦舟D｜三人返航承载／再入着陆,A｜航天器／宇航服／月面真实任务机位推演,BY-CHR-P0-001-杨凛;BY-CHR-P0-002-陈砚;BY-CHR-P0-003-刘定槎;BY-CST-P0-001-杨凛舱内飞行服;BY-CST-P0-002-陈砚舱内飞行服;BY-CST-P0-003-刘定槎舱内飞行服;BY-REL-P1-007-摄影来源证据层级,BY-VOI-P0-003-刘定槎声音,BY-REL-P1-003-声音来源真实性,,阶段1映射完成｜阶段2B按镜头状态调用,不使用夸张摇晃和尖叫。
100,14,半弹道跳跃式再入与黑障,00:13:57–00:14:08,11,轨迹仿真／专家画外,仿真图显示返回舱在首次减速后短暂抬升，再进入第二段大气减速。,梦舟D｜三人返航承载／再入着陆,D｜后期字幕／解释图卡,BY-REL-P1-007-摄影来源证据层级,BY-VOI-P1-013-孙亦川声音,BY-REL-P1-003-声音来源真实性,BY-SYM-P1-004-任务轨迹与相位图模板,阶段1映射完成｜阶段2B按镜头状态调用,专家解释放在相对可读的轨迹段。
101,14,半弹道跳跃式再入与黑障,00:14:08–00:14:17,9,再入外景／视觉重建,返回舱再次压入稠密大气，等离子辉光增强，姿态控制小幅变化。,梦舟D｜三人返航承载／再入着陆,C｜显式遥测视觉重建,BY-LGT-P0-005-返回舱再入等离子辉光;BY-REL-P0-011-梦舟返地构型状态链;BY-REL-P0-013-返回舱再入搜救状态链;BY-REL-P1-007-摄影来源证据层级;BY-SCN-P0-007-返回舱再入视觉环境;BY-VEH-P0-006-梦舟返回舱独立再入构型;BY-VFX-P0-005-返回舱等离子辉光与黑障视觉;BY-VFX-P1-004-姿控喷流;BY-VFX-P1-005-半弹道跳跃式再入轨迹;BY-VFX-P1-008-遥测视觉重建合成,BY-VOI-P1-004-北京飞控主调度声音,BY-REL-P1-003-声音来源真实性;BY-SND-P1-004-再入结构与通信衰减,BY-SYM-P1-006-视觉重建来源标识,阶段1映射完成｜阶段2B按镜头状态调用,随后进入黑障，不再加入专家整段解说。
102,14,半弹道跳跃式再入与黑障,00:14:17–00:14:29,12,梦舟舱内固定长镜头,舷窗外被橙白辉光覆盖，通信指示转为不可用；三人保持程序化呼吸和监控，只有身体细微受力。,梦舟D｜三人返航承载／再入着陆,A｜航天器／宇航服／月面真实任务机位推演,BY-ANM-P0-001-梦舟四种乘员状态;BY-CHR-P0-001-杨凛;BY-CHR-P0-002-陈砚;BY-CHR-P0-003-刘定槎;BY-CST-P0-001-杨凛舱内飞行服;BY-CST-P0-002-陈砚舱内飞行服;BY-CST-P0-003-刘定槎舱内飞行服;BY-LGT-P0-001-梦舟舱内任务光;BY-PRP-P0-001-梦舟三座椅与束缚系统;BY-PRP-P1-006-舱内操作界面与任务屏;BY-REL-P0-009-梦舟三座返航承载与环月工作位;BY-REL-P1-007-摄影来源证据层级;BY-SCN-P0-001-梦舟舱内三座布局;BY-SCN-P0-005-梦舟环月工作位;BY-VEH-P0-001-梦舟载人飞船,,BY-REL-P1-003-声音来源真实性;BY-SND-P0-001-舱内生命保障与设备底噪,,阶段1映射完成｜阶段2B按镜头状态调用,黑障期以沉默和乘组状态承压。
103,14,半弹道跳跃式再入与黑障,00:14:29–00:14:39,10,北京飞控／地面外测交叉,飞控主屏上通信链路变灰，但惯导预测、入口解算和外测搜索区仍在更新；雷达和光学系统指向预报走廊。,梦舟D｜三人返航承载／再入着陆,B｜地面直播／测控任务机位,BY-CRO-P1-001-北京飞控任务团队;BY-LGT-P1-003-飞控大厅任务光;BY-REL-P1-007-摄影来源证据层级;BY-SCN-P0-006-北京飞控大厅与任务主屏,,BY-REL-P1-003-声音来源真实性;BY-SND-P1-008-飞控与测控大厅底噪,BY-SYM-P1-004-任务轨迹与相位图模板,阶段1映射完成｜阶段2B按镜头状态调用,黑障不是地面完全失去一切判断。
104,14,半弹道跳跃式再入与黑障,00:14:39–00:14:48,9,东风终端红外任务画面,红外画面在预报走廊中出现高温目标，跟踪框稳定后给出方位和速度趋势。,梦舟D｜三人返航承载／再入着陆,B｜地面直播／测控任务机位,BY-CRO-P1-003-搜救与医疗团队;BY-LGT-P1-007-搜救着陆区日间自然光;BY-REL-P0-013-返回舱再入搜救状态链;BY-REL-P1-007-摄影来源证据层级;BY-REL-P1-009-东风医监与样品双线;BY-SCN-P0-008-预定着陆区与搜救现场,BY-VOI-P1-008-搜救指挥声音,BY-REL-P1-003-声音来源真实性;BY-SND-P1-006-搜救现场声,BY-SYM-P1-004-任务轨迹与相位图模板,阶段1映射完成｜阶段2B按镜头状态调用,红外是外测发现，不宣称恢复舱内通信。
105,14,半弹道跳跃式再入与黑障,00:14:48–00:14:57,9,北京飞控与梦舟舱内交叉,通信状态重新点亮；三人听见地面呼叫后依次确认。,梦舟D｜三人返航承载／再入着陆,B｜地面直播／测控任务机位,BY-ANM-P0-001-梦舟四种乘员状态;BY-CHR-P0-001-杨凛;BY-CHR-P0-002-陈砚;BY-CHR-P0-003-刘定槎;BY-CRO-P1-001-北京飞控任务团队;BY-CST-P0-001-杨凛舱内飞行服;BY-CST-P0-002-陈砚舱内飞行服;BY-CST-P0-003-刘定槎舱内飞行服;BY-LGT-P0-001-梦舟舱内任务光;BY-LGT-P1-003-飞控大厅任务光;BY-PRP-P0-001-梦舟三座椅与束缚系统;BY-PRP-P1-006-舱内操作界面与任务屏;BY-REL-P0-009-梦舟三座返航承载与环月工作位;BY-REL-P1-007-摄影来源证据层级;BY-SCN-P0-001-梦舟舱内三座布局;BY-SCN-P0-005-梦舟环月工作位;BY-SCN-P0-006-北京飞控大厅与任务主屏;BY-VEH-P0-001-梦舟载人飞船,BY-VOI-P0-001-杨凛声音;BY-VOI-P1-004-北京飞控主调度声音,BY-REL-P1-003-声音来源真实性;BY-SND-P0-001-舱内生命保障与设备底噪;BY-SND-P1-008-飞控与测控大厅底噪,,阶段1映射完成｜阶段2B按镜头状态调用,黑障恢复是明确事件点。
106,14,半弹道跳跃式再入与黑障,00:14:57–00:15:06,9,返回舱外部任务画面,引导伞、主伞依次展开，伞衣充气稳定；返回舱姿态由高速下降转为垂直稳定。,梦舟D｜三人返航承载／再入着陆,A｜航天器／宇航服／月面真实任务机位推演,BY-LGT-P0-004-月面艺术化任务日光;BY-PRP-P1-015-航天器任务相机组;BY-REL-P0-012-月面艺术化光照与声明;BY-REL-P1-001-月面空间总图;BY-REL-P1-007-摄影来源证据层级;BY-SCN-P0-004-月面着陆与作业区;BY-VEH-P0-007-返回舱群伞气囊着陆构型;BY-VFX-P0-006-稳定伞与主伞展开,BY-VOI-P1-004-北京飞控主调度声音;BY-VOI-P1-008-搜救指挥声音,BY-REL-P1-003-声音来源真实性;BY-SND-P1-003-发动机舱内结构振动;BY-SND-P1-005-降落伞与着陆冲击,,阶段1映射完成｜阶段2B按镜头状态调用,外部声采用任务机位拾音，不加配乐。
107,15,东风着陆、搜救与任务完成,00:15:06–00:15:15,9,空中远摄／黎明,主伞下的返回舱掠过东风着陆场荒漠上空，远处搜救直升机保持安全距离。,梦舟D｜三人返航承载／再入着陆,B｜地面直播／测控任务机位,BY-CRO-P1-003-搜救与医疗团队;BY-LGT-P1-007-搜救着陆区日间自然光;BY-REL-P0-013-返回舱再入搜救状态链;BY-REL-P1-007-摄影来源证据层级;BY-REL-P1-009-东风医监与样品双线;BY-SCN-P0-008-预定着陆区与搜救现场;BY-VEH-P0-007-返回舱群伞气囊着陆构型;BY-VEH-P1-008-搜救直升机与地面车辆;BY-VFX-P0-006-稳定伞与主伞展开,BY-VOI-P1-008-搜救指挥声音,BY-REL-P1-003-声音来源真实性;BY-SND-P1-003-发动机舱内结构振动;BY-SND-P1-005-降落伞与着陆冲击;BY-SND-P1-006-搜救现场声,,阶段1映射完成｜阶段2B按镜头状态调用,任务机位；不使用英雄化配乐。
108,15,东风着陆、搜救与任务完成,00:15:15–00:15:23,8,梦舟舱内三人中景,三人进入着陆姿态，杨凛确认缓冲程序，刘定槎读出高度，陈砚保护样品状态。,梦舟D｜三人返航承载／再入着陆,A｜航天器／宇航服／月面真实任务机位推演,BY-ANM-P0-001-梦舟四种乘员状态;BY-CHR-P0-001-杨凛;BY-CHR-P0-002-陈砚;BY-CHR-P0-003-刘定槎;BY-CST-P0-001-杨凛舱内飞行服;BY-CST-P0-002-陈砚舱内飞行服;BY-CST-P0-003-刘定槎舱内飞行服;BY-LGT-P0-001-梦舟舱内任务光;BY-PRP-P0-001-梦舟三座椅与束缚系统;BY-PRP-P1-006-舱内操作界面与任务屏;BY-REL-P0-009-梦舟三座返航承载与环月工作位;BY-REL-P1-006-月面科学路线与样品链;BY-REL-P1-007-摄影来源证据层级;BY-SCN-P0-001-梦舟舱内三座布局;BY-SCN-P0-005-梦舟环月工作位;BY-SCN-P1-005-月面后段科考区;BY-VEH-P0-001-梦舟载人飞船,BY-VOI-P0-001-杨凛声音;BY-VOI-P0-003-刘定槎声音,BY-REL-P1-003-声音来源真实性;BY-SND-P0-001-舱内生命保障与设备底噪;BY-SND-P1-003-发动机舱内结构振动,,阶段1映射完成｜阶段2B按镜头状态调用,三座满员母题持续到落地。
109,15,东风着陆、搜救与任务完成,00:15:23–00:15:32,9,地面长焦／舱内交叉,返回舱接地扬尘并短距离稳定；舱内座椅吸收冲击，三人完成着陆后自检。,梦舟D｜三人返航承载／再入着陆,B｜地面直播／测控任务机位,BY-CHR-P0-001-杨凛;BY-CHR-P0-002-陈砚;BY-CHR-P0-003-刘定槎;BY-CRO-P1-003-搜救与医疗团队;BY-CST-P0-001-杨凛舱内飞行服;BY-CST-P0-002-陈砚舱内飞行服;BY-CST-P0-003-刘定槎舱内飞行服;BY-LGT-P1-007-搜救着陆区日间自然光;BY-REL-P0-013-返回舱再入搜救状态链;BY-REL-P1-007-摄影来源证据层级;BY-REL-P1-009-东风医监与样品双线;BY-SCN-P0-008-预定着陆区与搜救现场;BY-VEH-P0-007-返回舱群伞气囊着陆构型;BY-VFX-P0-007-气囊触地滚摆,BY-VOI-P0-001-杨凛声音;BY-VOI-P1-008-搜救指挥声音,BY-REL-P1-003-声音来源真实性;BY-SND-P1-003-发动机舱内结构振动;BY-SND-P1-005-降落伞与着陆冲击;BY-SND-P1-006-搜救现场声,,阶段1映射完成｜阶段2B按镜头状态调用,接地以任务画面和舱内状态双重证明。
110,15,东风着陆、搜救与任务完成,00:15:32–00:15:40,8,黑场与任务画面转场／后期字幕,字幕：时间压缩｜搜救分队抵达并完成初步安全处置。画面转为直升机和地面车队接近返回舱。,东风回收｜时间压缩后专业处置,D｜后期字幕／解释图卡,BY-ANM-P1-002-东风搜救开舱转移;BY-CRO-P1-003-搜救与医疗团队;BY-LGT-P1-007-搜救着陆区日间自然光;BY-REL-P0-013-返回舱再入搜救状态链;BY-REL-P1-007-摄影来源证据层级;BY-REL-P1-009-东风医监与样品双线;BY-SCN-P0-008-预定着陆区与搜救现场;BY-SCN-P1-012-东风医监开舱作业区;BY-VEH-P1-008-搜救直升机与地面车辆,,BY-REL-P1-003-声音来源真实性;BY-SND-P1-006-搜救现场声,BY-SYM-P1-003-任务阶段与时间跳跃标牌;BY-SYM-P1-008-东风搜救时间压缩,阶段1映射完成｜阶段2B按镜头状态调用,避免把真实搜救抵达时间压缩成几秒的假实时。
111,15,东风着陆、搜救与任务完成,00:15:40–00:15:47,7,空中搜救任务机位,直升机俯视返回舱、警戒区和地面车队，红外窗口确认舱体热状态。,东风回收｜时间压缩后专业处置,B｜地面直播／测控任务机位,BY-ANM-P1-002-东风搜救开舱转移;BY-CRO-P1-003-搜救与医疗团队;BY-LGT-P1-007-搜救着陆区日间自然光;BY-REL-P0-013-返回舱再入搜救状态链;BY-REL-P1-007-摄影来源证据层级;BY-REL-P1-009-东风医监与样品双线;BY-SCN-P0-008-预定着陆区与搜救现场;BY-SCN-P1-012-东风医监开舱作业区;BY-VEH-P1-008-搜救直升机与地面车辆,BY-VOI-P1-008-搜救指挥声音,BY-REL-P1-003-声音来源真实性;BY-SND-P1-003-发动机舱内结构振动;BY-SND-P1-006-搜救现场声,,阶段1映射完成｜阶段2B按镜头状态调用,展示着陆场系统专业视角。
112,15,东风着陆、搜救与任务完成,00:15:47–00:15:55,8,地面搜救近景,处置人员检测外部环境、确认舱体姿态和危险源，随后建立开舱作业区。,东风回收｜时间压缩后专业处置,B｜地面直播／测控任务机位,BY-ANM-P1-002-东风搜救开舱转移;BY-CRO-P1-003-搜救与医疗团队;BY-LGT-P1-007-搜救着陆区日间自然光;BY-PRP-P1-011-返回舱信标与现场安全工具;BY-REL-P0-013-返回舱再入搜救状态链;BY-REL-P1-007-摄影来源证据层级;BY-REL-P1-009-东风医监与样品双线;BY-SCN-P0-008-预定着陆区与搜救现场;BY-SCN-P1-012-东风医监开舱作业区,BY-VOI-P1-011-现场指挥声音,BY-REL-P1-003-声音来源真实性;BY-SND-P1-006-搜救现场声,,阶段1映射完成｜阶段2B按镜头状态调用,先安全处置，后开舱。
113,15,东风着陆、搜救与任务完成,00:15:55–00:16:09,14,现场医监画面／何文澜画外,医监人员在舱外准备座椅、担架、生命体征设备和遮护；返回舱舱门尚未开启。,东风回收｜时间压缩后专业处置,B｜地面直播／测控任务机位,BY-ANM-P1-002-东风搜救开舱转移;BY-CRO-P1-003-搜救与医疗团队;BY-LGT-P0-004-月面艺术化任务日光;BY-LGT-P1-007-搜救着陆区日间自然光;BY-PRP-P0-006-东风医监转移设备;BY-REL-P0-012-月面艺术化光照与声明;BY-REL-P0-013-返回舱再入搜救状态链;BY-REL-P1-001-月面空间总图;BY-REL-P1-007-摄影来源证据层级;BY-REL-P1-009-东风医监与样品双线;BY-SCN-P0-004-月面着陆与作业区;BY-SCN-P0-008-预定着陆区与搜救现场;BY-SCN-P1-012-东风医监开舱作业区,BY-VOI-P1-012-何文澜声音,BY-REL-P1-003-声音来源真实性;BY-SND-P1-006-搜救现场声,,阶段1映射完成｜阶段2B按镜头状态调用,解释发生在处置画面上，不占用开舱关键口令。
114,15,东风着陆、搜救与任务完成,00:16:09–00:16:18,9,开舱任务机位,舱门按程序开启，医监人员先与乘组建立目视和语音联系，再进入初步评估。,东风回收｜时间压缩后专业处置,B｜地面直播／测控任务机位,BY-ANM-P1-002-东风搜救开舱转移;BY-CRO-P1-003-搜救与医疗团队;BY-LGT-P1-007-搜救着陆区日间自然光;BY-REL-P0-013-返回舱再入搜救状态链;BY-REL-P1-007-摄影来源证据层级;BY-REL-P1-009-东风医监与样品双线;BY-SCN-P0-008-预定着陆区与搜救现场;BY-SCN-P1-012-东风医监开舱作业区,BY-VOI-P1-015-医监人员声音,BY-REL-P1-003-声音来源真实性;BY-SND-P1-006-搜救现场声,,阶段1映射完成｜阶段2B按镜头状态调用,不让航天员立即自行走出返回舱。
115,15,东风着陆、搜救与任务完成,00:16:18–00:16:29,11,地面中景,三名航天员按评估结果依次转移到支撑座椅或担架，现场人员保持遮护和固定。,东风回收｜时间压缩后专业处置,B｜地面直播／测控任务机位,BY-ANM-P1-002-东风搜救开舱转移;BY-CHR-P0-001-杨凛;BY-CHR-P0-002-陈砚;BY-CHR-P0-003-刘定槎;BY-CST-P0-001-杨凛舱内飞行服;BY-CST-P0-002-陈砚舱内飞行服;BY-CST-P0-003-刘定槎舱内飞行服;BY-PRP-P0-006-东风医监转移设备;BY-REL-P1-007-摄影来源证据层级;BY-SCN-P1-012-东风医监开舱作业区,,BY-REL-P1-003-声音来源真实性,,阶段1映射完成｜阶段2B按镜头状态调用,具体转移方式按人物状态分别处理。
116,15,东风着陆、搜救与任务完成,00:16:29–00:16:36,7,地面近景,三名航天员坐在支撑座椅上面向任务相机挥手，救援人员仍在旁监护。,东风回收｜时间压缩后专业处置,B｜地面直播／测控任务机位,BY-ANM-P1-002-东风搜救开舱转移;BY-CHR-P0-001-杨凛;BY-CHR-P0-002-陈砚;BY-CHR-P0-003-刘定槎;BY-CST-P0-001-杨凛舱内飞行服;BY-CST-P0-002-陈砚舱内飞行服;BY-CST-P0-003-刘定槎舱内飞行服;BY-PRP-P0-006-东风医监转移设备;BY-REL-P1-007-摄影来源证据层级;BY-SCN-P1-012-东风医监开舱作业区,BY-VOI-P0-001-杨凛声音,BY-REL-P1-003-声音来源真实性,,阶段1映射完成｜阶段2B按镜头状态调用,挥手不等于已经完成医学处置。
117,15,东风着陆、搜救与任务完成,00:16:36–00:16:44,8,样品接收与北京飞控交叉,密封样品箱由专门人员完成编号、交接和转运；北京飞控主屏同时显示乘组安全与样品接收。,东风回收｜时间压缩后专业处置,B｜地面直播／测控任务机位,BY-ANM-P1-002-东风搜救开舱转移;BY-CRO-P1-001-北京飞控任务团队;BY-LGT-P1-003-飞控大厅任务光;BY-PRP-P0-005-密封样品转移容器;BY-PRP-P1-008-主样品容器编号与固定座;BY-PRP-P1-013-东风样品接收设备;BY-REL-P0-008-样品转移链;BY-REL-P1-006-月面科学路线与样品链;BY-REL-P1-007-摄影来源证据层级;BY-SCN-P0-006-北京飞控大厅与任务主屏;BY-SCN-P1-005-月面后段科考区;BY-SCN-P1-012-东风医监开舱作业区,BY-VOI-P1-004-北京飞控主调度声音;BY-VOI-P1-008-搜救指挥声音,BY-REL-P1-003-声音来源真实性;BY-SND-P1-008-飞控与测控大厅底噪,BY-SYM-P1-005-样品编号与封签模板,阶段1映射完成｜阶段2B按镜头状态调用,任务完成由人员和样品两条线共同成立。
118,15,东风着陆、搜救与任务完成,00:16:44–00:16:54,10,媒体区记者收束,林知夏面向镜头，身后大屏是三名航天员挥手与返回舱现场。,常规任务状态,B｜地面直播／测控任务机位,BY-CHR-P0-001-杨凛;BY-CHR-P0-002-陈砚;BY-CHR-P0-003-刘定槎;BY-CHR-P1-002-林知夏;BY-CST-P0-001-杨凛舱内飞行服;BY-CST-P0-002-陈砚舱内飞行服;BY-CST-P0-003-刘定槎舱内飞行服;BY-CST-P1-004-林知夏记者服装;BY-LGT-P1-008-飞控媒体区直播光;BY-REL-P1-007-摄影来源证据层级;BY-REL-P1-008-三段直播结构链;BY-SCN-P1-003-飞控中心媒体区,BY-VOI-P1-002-林知夏声音,BY-REL-P1-003-声音来源真实性;BY-SND-P1-009-媒体区直播现场声,BY-SYM-P1-007-直播进口出口与倒计时,阶段1映射完成｜阶段2B按镜头状态调用,避免把艺术推演说成已经发生的现实事件。
119,15,东风着陆、搜救与任务完成,00:16:54–00:17:00,6,黑场／片尾推演声明,黑场字幕重申：本片依据公开信息进行合理艺术推演；任务日期、人物、呼号、着陆坐标、未公开构型及部分流程为艺术创作。,常规任务状态,D｜后期字幕／解释图卡,BY-REL-P1-007-摄影来源证据层级,,BY-REL-P1-003-声音来源真实性;BY-SND-P1-003-发动机舱内结构振动,BY-SYM-P0-002-艺术化光照偏差推演声明;BY-SYM-P1-001-未来纪实推演标识;BY-SYM-P1-003-任务阶段与时间跳跃标牌,阶段1映射完成｜阶段2B按镜头状态调用,片尾声明计入素材时长；最终剪辑可与片尾字幕合并。
