生产资产ID,资产类型,资产名称,资产级别,剧本出处,关联场次或段落,基础描述,补全设计信息,状态变体,材质结构或声音特点,光影或环境要求,使用或生成需求,可复用范围,信息来源,确认状态,阶段2处理建议
BY-CHR-P0-001-杨凛,CHR,杨凛,P0,V1.2逐镜映射见data/阶段1_114镜资产调用映射_V1.2.csv,"场1,2,3,4,5,6,7,8,9,10,12,13,16；镜005,009,015,016,023,029,032,036,040,043,044,046,047,048,049,051,052,054,057,059,060,064,066,067,069,070,071,073,082,086,090,094,112",乘组指令长，首次出舱与月面任务核心人物,建议38-45岁，精干体型，决策型气质，不绑定现实航天员脸,舱内飞行;望宇登月服;月尘状态,稳定骨相、低幅度表情、指令感,继承各场实际光源,剧照验证图、基础多视图、服装继承,全片,剧本明确;创作者建议,已确认,阶段2A首批人物测试
BY-CHR-P0-002-陈砚,CHR,陈砚,P0,V1.2逐镜映射见data/阶段1_114镜资产调用映射_V1.2.csv,"场1,2,3,4,5,6,7,8,9,10,12,13；镜005,009,014,015,016,023,029,036,040,043,044,046,048,052,054,057,059,060,062,064,066,067,068,069,070,071,073,082,090",月面任务工程师，负责装备、采样与科学任务,建议32-40岁，精干灵活，操作型气质，不绑定现实航天员脸,舱内飞行;望宇登月服;月尘状态,敏锐眼神、手部操作明确,继承各场实际光源,剧照验证图、基础多视图、服装继承,全片,剧本明确;创作者建议,已确认,阶段2A／2B首批
BY-CHR-P0-003-刘定槎,CHR,刘定槎,P0,V1.2逐镜映射见data/阶段1_114镜资产调用映射_V1.2.csv,"场1,2,3,9,11,12,13,14,15；镜004,007,013,015,016,018,063,079,081,086,090,094,100,101,103,106",梦舟飞行工程师，留轨与返程视觉锚点,建议35-43岁，克制内收，不表现被动留守,发射;独处巡航;对接;返程,中低温润、耐心稳定的视觉气质,梦舟舱内任务光,剧照验证图、基础多视图、空座椅关系图,全片,剧本明确;创作者建议,已确认,阶段2A／2B首批
BY-CHR-P1-001-周明远,CHR,周明远,P1,主要人物与岗位；01-02场,历史V1.1,未来特别报道新闻主播,建议38-48岁，权威克制，不绑定现实主播,主播台;双人专家位,真人新闻质感,演播室中性直播光,剧照验证图、半身与全身,01-02,剧本明确;创作者建议,历史停用（V1.2不调用）,V1.2不出场
BY-CHR-P1-002-林知夏,CHR,林知夏,P1,V1.2逐镜映射见data/阶段1_114镜资产调用映射_V1.2.csv,场8；镜056,飞控中心特派记者,建议28-38岁，清楚、有现场感，不绑定现实记者,记者直播,真人新闻质感,媒体区实用光,剧照验证图、半身与全身,01,剧本明确;创作者建议,已确认,新闻支持资产包
BY-CHR-P1-003-孙屹川,CHR,孙屹川,P1,主要人物与岗位；02场,历史V1.1,着陆器系统专家,建议48-62岁，工程可信，不做科普网红气质,专家访谈,年长沉稳、表情克制,演播室中性直播光,剧照验证图、半身与全身,02,剧本明确;创作者建议,历史停用（V1.2不调用）,V1.2不出场
BY-CST-P0-001-杨凛舱内飞行服,CST,杨凛舱内飞行服,P0,V1.2逐镜映射见data/阶段1_114镜资产调用映射_V1.2.csv,"场1,2,3,4,5,6,7,12,13,16；镜005,009,015,016,023,029,032,036,040,043,082,086,090,094,112",未来中国载人舱内飞行服,适配梦舟与揽月座椅、约束带和操作区,头盔开启;头盔关闭;座椅约束,功能织物、接口、低反光结构,舱内实用光,人物服装基础资产,全片舱内,剧本明确;创作者建议,已确认,随杨凛基础人物制作
BY-CST-P0-002-陈砚舱内飞行服,CST,陈砚舱内飞行服,P0,V1.2逐镜映射见data/阶段1_114镜资产调用映射_V1.2.csv,"场1,2,3,4,5,6,7,12,13；镜005,009,014,015,016,023,029,036,040,043,082,090",与杨凛同体系的舱内飞行服,尺寸和岗位细节可区分,头盔开启;头盔关闭;座椅约束,功能织物、接口、低反光结构,舱内实用光,人物服装基础资产,全片舱内,剧本明确;创作者建议,已确认,随陈砚基础人物制作
BY-CST-P0-003-刘定槎舱内飞行服,CST,刘定槎舱内飞行服,P0,V1.2逐镜映射见data/阶段1_114镜资产调用映射_V1.2.csv,"场1,2,3,9,11,12,13,14,15；镜004,007,013,015,016,018,063,079,081,086,090,094,100,101,103,106",梦舟舱内飞行服,适配独处巡航、交会与返程,发射;巡航;对接;返程,功能织物、接口、低反光结构,梦舟舱内任务光,人物服装基础资产,全片梦舟舱内,剧本明确;创作者建议,已确认,随刘定槎基础人物制作
BY-CST-P0-004-杨凛望宇登月服,CST,杨凛望宇登月服,P0,V1.2逐镜映射见data/阶段1_114镜资产调用映射_V1.2.csv,"场7,8,9,10；镜044,046,047,048,049,051,052,054,057,059,060,064,066,067,069,070,071,073",杨凛月面活动登月服,继承公开望宇方向并按功能补全，保持杨凛体型与岗位标识,清洁基础;轻度月尘,多层功能材料、头盔面窗、生命保障结构,月面固定太阳光,基础多视图、动作关节与舷梯尺度测试,06-10,项目锁定;公开资料;创作者建议,已确认,月面人物状态包
BY-CST-P0-005-陈砚望宇登月服,CST,陈砚望宇登月服,P0,V1.2逐镜映射见data/阶段1_114镜资产调用映射_V1.2.csv,"场7,8,9,10；镜044,046,048,052,054,057,059,060,062,064,066,067,068,069,070,071,073",陈砚月面活动登月服,与杨凛同体系，建立可识别岗位差异,清洁基础;轻度月尘,多层功能材料、头盔面窗、生命保障结构,月面固定太阳光,基础多视图、工具操作与月球车乘坐测试,06-10,项目锁定;公开资料;创作者建议,已确认,月面人物状态包
BY-CST-P1-001-杨凛登月服轻度月尘状态,CST,杨凛登月服轻度月尘状态,P1,V1.2逐镜映射见data/阶段1_114镜资产调用映射_V1.2.csv,"场13；镜090,091,094",EVA后真实月尘附着,靴底、小腿、手套和局部关节合理附着,轻度月尘,干燥细颗粒、无湿泥感,继承月面太阳光,基于确认登月服制作状态变体,09-10,剧本明确;合理推断,已确认采用,基础登月服确认后制作
BY-CST-P1-002-陈砚登月服轻度月尘状态,CST,陈砚登月服轻度月尘状态,P1,V1.2逐镜映射见data/阶段1_114镜资产调用映射_V1.2.csv,"场13；镜090,091,094",EVA后月尘附着，工具接触区更明显,保持所有接口和人物体型,轻度月尘,干燥细颗粒、无湿泥感,继承月面太阳光,基于确认登月服制作状态变体,09-10,剧本明确;合理推断,已确认采用,基础登月服确认后制作
BY-CST-P1-003-周明远主播服装,CST,周明远主播服装,P1,01-02场,历史V1.1,未来但克制的正式主播服装,不做科幻制服，色彩由阶段2A决定,基础,精纺面料、低反光,演播室直播光,人物定妆服装,01-02,创作者建议,历史停用（V1.2不调用）,随角色停用
BY-CST-P1-004-林知夏记者服装,CST,林知夏记者服装,P1,V1.2逐镜映射见data/阶段1_114镜资产调用映射_V1.2.csv,场8；镜056,正式且适合媒体区工作的记者服装,与主播形成结构和色彩差异,基础,功能性正式面料,媒体区实用光,人物定妆服装,01,创作者建议,已确认,阶段2A定色后制作
BY-CST-P1-005-孙屹川专家服装,CST,孙屹川专家服装,P1,02场,历史V1.1,工程专家正式着装,不使用实验室白大褂或夸张学者符号,基础,低反光正式面料,演播室直播光,人物定妆服装,02,创作者建议,历史停用（V1.2不调用）,随角色停用
BY-VOI-P0-001-杨凛声音,VOI,杨凛稳定音色,P0,V1.2逐镜映射见data/阶段1_114镜资产调用映射_V1.2.csv,"场1,2,3,4,5,6,7,8,9,10,11,12,13,14,15,16；镜005,009,011,015,019,020,023,025,027,032,036,038,040,044,046,048,050,052,054,061,064,066,069,073,074,076,078,086,087,091,096,101,103,112",中低、稳定、短句有明确落点,指令感但不压迫，呼吸节奏稳定,中性;任务报告,中低音域、偏慢语速,通过无线电时保留可懂度,独立制作稳定音色资产,全片,剧本明确;创作者建议,已确认,阶段2声音组首批
BY-VOI-P0-002-陈砚声音,VOI,陈砚稳定音色,P0,V1.2逐镜映射见data/阶段1_114镜资产调用映射_V1.2.csv,"场2,3,5,6,7,8,9,10,11,12,13；镜009,014,017,029,033,038,040,044,048,052,054,058,060,062,066,068,069,071,075,082,089,092",中音、清楚、设备报告准确,尾音收束较快，与杨凛区分,中性;设备报告,中音域、中速,通过无线电时保留可懂度,独立制作稳定音色资产,全片,剧本明确;创作者建议,已确认,阶段2声音组首批
BY-VOI-P0-003-刘定槎声音,VOI,刘定槎稳定音色,P0,V1.2逐镜映射见data/阶段1_114镜资产调用映射_V1.2.csv,"场1,2,3,4,9,11,12,13,14,15；镜004,007,011,013,015,016,018,019,020,063,079,081,084,085,086,087,089,090,092,098,102,108",中低偏温润、克制,最后一句不煽情，与杨凛形成内收差异,中性;通信;返程,中低音域、中慢语速,梦舟舱内与无线电,独立制作稳定音色资产,全片,剧本明确;创作者建议,已确认,阶段2声音组首批
BY-VOI-P1-001-周明远声音,VOI,周明远稳定音色,P1,01-02场对白,历史V1.1,权威清晰、不过度播音,重大新闻的克制感,新闻中性,中低音域、中速,演播室干净声音,独立制作稳定音色资产,01-02,剧本明确;创作者建议,历史停用（V1.2不调用）,随角色停用
BY-VOI-P1-002-林知夏声音,VOI,林知夏稳定音色,P1,V1.2逐镜映射见data/阶段1_114镜资产调用映射_V1.2.csv,"场1,6,8,15；镜002,042,056,105",清亮、专业、有现场感,比主播更轻更快,现场报道,中音域、中速,媒体区环境轻微进入,独立制作稳定音色资产,01,剧本明确;创作者建议,已确认,新闻声音包
BY-VOI-P1-003-孙屹川声音,VOI,孙屹川稳定音色,P1,02场对白,历史V1.1,沉稳、精确、略年长,工程术语清楚，不教学腔,专家中性,中低音域、偏慢,演播室干净声音,独立制作稳定音色资产,02,剧本明确;创作者建议,历史停用（V1.2不调用）,随角色停用
BY-VOI-P1-004-北京飞控主调度声音,VOI,北京飞控主调度稳定音色,P1,V1.2逐镜映射见data/阶段1_114镜资产调用映射_V1.2.csv,"场1,2,4,5,6,7,8,9,10,12,13,14,15,16；镜003,005,006,010,012,021,023,024,026,028,031,036,041,045,050,051,053,057,064,065,067,072,073,080,083,088,093,095,097,102,104,106,108,113",中性权威、短促、无情绪渲染,与三名航天员明显区分,任务调度,中音域、中速,地月通信质感,独立制作稳定音色资产,飞控通信,剧本明确;创作者建议,已确认,阶段2声音组
BY-SCN-P1-001-未来新闻演播室,SCN,未来新闻演播室,P1,01-02场,历史V1.1,主播台、专家双人位和后方大屏,克制未来感，文字后期添加,主播;专家访谈,建筑内装、屏幕、桌面,中性直播光,母图与SV1指定视图,01-02,剧本明确;创作者建议,历史停用（V1.2不调用）,V1.2不使用演播室
BY-SCN-P1-002-文昌发射场夜景,SCN,文昌发射场夜景,P1,01场两次发射,历史V1.1,发射塔、箭体、安全区和夜景设施,两次发射共用空间母图,首发;第二次发射,金属塔架、混凝土地面、烟气,夜间照明与发动机火焰,母图、PAD-WIDE、LOW,01,剧本明确;公开资料;创作者建议,历史停用（V1.2不调用）,V1.2从月轨相遇起片，不含发射
BY-SCN-P1-003-飞控中心媒体区,SCN,飞控中心媒体区,P1,V1.2逐镜映射见data/阶段1_114镜资产调用映射_V1.2.csv,场8；镜056,记者站位、任务屏和媒体工作区,不与主飞控大厅混淆,记者直播,办公内装、屏幕,顶部办公光、屏幕反射,母图SV0,01,剧本明确;创作者建议,已确认,新闻支持资产包
BY-SCN-P0-001-梦舟舱内三座布局,SCN,梦舟返回舱三座承力区,P0,V1.2逐镜映射见data/阶段1_114镜资产调用映射_V1.2.csv,"场1,3,13,14,15；镜004,015,090,094,101,103",返回舱内三张平行低位承力椅背、紧凑控制区和贴身弧形舱壁的局部空间。,只锁定当前母图可见的座椅／材料／控制关系；不在一张图中解释舱门、完整地板或通道。,三人返航承载；两座暂空；三人归位,舱内结构、座椅织物、低反光设备,梦舟舱内任务光,母图与SV2标准五视图,全片,剧本明确;创作者建议,已确认,保留V3.0局部母图方向；不得回灌梦舟舱内01—05失败图
BY-SCN-P0-002-梦舟对接通道与舱门区,SCN,梦舟—揽月轴向对接转移通道,P0,V1.2逐镜映射见data/阶段1_114镜资产调用映射_V1.2.csv,"场3,13；镜013,014,016,018,019,089,092",两器前向舱门连接后的紧凑轴向通道，用于物品、人员和样品两次转移。,双向人员与样品转移尺度明确,关闭；压差归零；双门开启；物品先行；人员转移；样品回传,舱门、密封圈、扶手、内衬,两器舱内实用光,母图与轴线双向SV1,03;12-13,剧本明确;创作者建议,已确认,作为独立场景母图验证，不与梦舟三座母图合并
BY-SCN-P0-003-揽月登月舱舱内,SCN,揽月登月舱舱内,P0,V1.2逐镜映射见data/阶段1_114镜资产调用映射_V1.2.csv,"场2,3,4,5,6,7,10,11,12；镜009,011,017,019,023,029,032,036,038,040,043,044,045,046,069,070,071,073,076,082",两座位、操作区、舱门、载荷与登月服固定区,空间需支持下降、EVA准备、起飞和对接,月轨交会；动力下降；着陆后；EVA准备／复压；月面起飞；再交会,舱内结构、低反光设备、功能织物,揽月下降任务光与开舱门月面反射,母图与SV2标准五视图,02-12,剧本明确;公开资料;创作者建议,已确认,按V1.2状态链复核原设计，再做必要视图
BY-SCN-P1-004-北京飞控中心大厅,SCN,北京飞控中心大厅,P1,03-05;07;11;13场,历史V1.1,核心飞控席、群像和屏幕墙,屏幕参数后期添加，岗位层级清楚,任务常态;触月确认;第一步;返程,办公内装、控制台、屏幕,冷色办公光与屏幕反射,母图与SV1指定视图,多场,剧本明确;创作者建议,历史停用（V1.2不调用）,由P0新资产BY-SCN-P0-006替代
BY-SCN-P0-004-月面着陆与作业区,SCN,月面着陆与作业区,P0,V1.2逐镜映射见data/阶段1_114镜资产调用映射_V1.2.csv,"场5,6,7,8,9,10,11；镜027,030,032,033,034,037,038,039,042,047,048,049,050,051,052,053,054,055,056,057,058,059,060,061,062,064,066,067,068,069,074,075",登月舱落点、舷梯、摄像机、国旗、采样、设备和羽流安全区,锁定空间总图、太阳方向和全部固定物位置,下降;着陆;第一步;国旗;科学;起飞,灰色月壤、岩石、无大气黑天空,继承BY-LGT-P0-004艺术化任务日光；黑天空、真空、深阴影、有限地表反射。,母图与SV2标准五视图,04-10,剧本明确;科学约束;创作者建议,已确认,旧母图只作构型候选；以艺术化光照口径重新校准MASTER
BY-SCN-P1-005-月面后段科考区,SCN,月面科学任务路线与采样点,P1,V1.2逐镜映射见data/阶段1_114镜资产调用映射_V1.2.csv,"场9；镜058,059,060,061,062,064,066,067",低起伏地形、行驶路线与车辙,与主作业区形成地貌差异但继承太阳方向,月球车卸载；第一采样点；接触带采样；载荷布设；返程闭环,灰色月壤、车辙、远近地形,继承月面固定太阳光,母图与SV1路径视图,09,剧本明确;创作者建议,已确认,与月面MASTER共用光向和地质材料，不另造独立天体环境
BY-SCN-P1-006-环月轨道外部环境,SCN,环月轨道外部环境,P1,V1.2逐镜映射见data/阶段1_114镜资产调用映射_V1.2.csv,"场1,2,4,11,12,13,14；镜002,008,010,011,020,021,024,025,078,084,085,087,093,095,096,098",月球弧面、黑色太空和两器相对空间,统一太阳方向、月球尺度和对接轴,交会;分离;月地转移,无空气环境、月球表面反照,硬太阳光与月球反射,环境母图与SV1基准视图,轨道外景,剧本明确;科学约束,已确认,轨道视觉重建包
BY-LGT-P1-001-演播室中性直播光,LGT,演播室中性直播光,P1,01-02场,历史V1.1,克制直播光，人物清楚不过度美容,大屏只提供有限反射,主播;专家,中性偏冷、低反差,演播室实用光,场景光影变体,01-02,创作者建议,历史停用（V1.2不调用）,随演播室停用
BY-LGT-P1-002-文昌夜间发射光,LGT,文昌夜间发射光,P1,01场,历史V1.1,发射场实用光叠加发动机火焰,地面烟气和塔架受光真实,点火前;点火后,高亮火焰、夜间工业照明,地球大气夜景,场景光影状态,01,剧本明确;科学约束,历史停用（V1.2不调用）,随发射场停用
BY-LGT-P0-001-梦舟舱内任务光,LGT,梦舟舱内任务光,P0,V1.2逐镜映射见data/阶段1_114镜资产调用映射_V1.2.csv,"场1,2,3,9,11,12,13,14,15；镜004,007,015,018,063,079,081,090,094,101,103",稳定舱内实用光和屏幕反射,三座椅、通道和脸部可读,发射;巡航;对接,中性偏冷、低反光,舱内封闭环境,做进场景母图,梦舟舱内,剧本明确;创作者建议,已确认,梦舟场景母图先锁定
BY-LGT-P0-002-揽月下降任务光,LGT,揽月下降任务光,P0,V1.2逐镜映射见data/阶段1_114镜资产调用映射_V1.2.csv,"场2,3,4,5,6,7,10,11,12；镜009,011,017,019,023,029,032,036,038,040,043,044,045,046,069,070,071,073,076,082",下降阶段稳定任务光,不使用危机红灯和无理由闪烁,下降;触月后,中性任务光、屏幕反射,揽月舱内,做进场景母图,揽月舱内,剧本明确;创作者建议,已确认,揽月场景母图先锁定
BY-LGT-P1-003-飞控大厅任务光,LGT,飞控大厅任务光,P1,V1.2逐镜映射见data/阶段1_114镜资产调用映射_V1.2.csv,"场2,4,5,6,8,10,11,12,14,15,16；镜006,012,022,028,031,035,041,053,072,077,083,088,097,104,107,113",冷色办公实用光和屏幕反射,群像层级清楚，不做舞台光,常态;着陆确认,冷色办公光,飞控大厅,做进场景母图,飞控场景,剧本明确;创作者建议,已确认采用,关联新P0北京飞控大厅资产
BY-LGT-P0-003-月面固定太阳光,LGT,月面固定太阳光,P0,04-10场,历史V1.1,单一硬太阳光、黑天空、深阴影和有限地表反射,阶段2锁定太阳方位和高度，全段不得翻转,下降;着陆;EVA;起飞,灰色月壤、硬阴影,高真空月面,做进月面场景母图,全部月面镜头,项目锁定;科学约束,历史停用（V1.2不调用）,由明确承担天文偏差的BY-LGT-P0-004替代
BY-LGT-P1-004-环月轨道太阳光,LGT,环月轨道太阳光,P1,V1.2逐镜映射见data/阶段1_114镜资产调用映射_V1.2.csv,"场1,2,4,11,12,13,14；镜002,008,010,011,020,021,024,025,078,084,085,087,093,095,096,098",硬太阳光与月球反射,对接轴和两器形体清楚,交会;分离;转移,无空气硬光,统一外部主光与月球反照；只保证跨镜连续，不声称日期天文复原。,做进轨道环境母图,轨道外景,科学约束,已确认采用,轨道视觉重建包
BY-LGT-P1-005-揽月开舱门月面反射,LGT,揽月开舱门月面反射,P1,V1.2逐镜映射见data/阶段1_114镜资产调用映射_V1.2.csv,"场7；镜047,048",舱内暗部与舱外硬光反差,门缝扩大但不HDR提亮所有暗部,舱门开启,硬光、低反射灰月面,揽月舱门与月面,独立光影状态测试,06,剧本明确;科学约束,已确认采用,揽月舱内光影变体
BY-VEH-P1-001-长征十号揽月发射构型,VEH,长征十号揽月发射构型,P1,01-02镜头,历史V1.1,首枚长征十号搭载揽月,公开结构范围内补全,发射前;点火;离架,箭体、整流罩、发动机,文昌夜间发射光,外部多角度与发射参考,01,剧本明确;公开资料,历史停用（V1.2不调用）,V1.2不含发射
BY-VEH-P1-002-长征十号梦舟发射构型,VEH,长征十号梦舟发射构型,P1,01-03镜头,历史V1.1,第二枚长征十号搭载梦舟与三人,与首发共用火箭体系，锁定载荷构型差异,发射前;点火;离架,箭体、整流罩、发动机,文昌夜间发射光,外部多角度与发射参考,01,剧本明确;公开资料,历史停用（V1.2不调用）,V1.2不含发射
BY-VEH-P0-001-梦舟载人飞船,VEH,梦舟载人飞船,P0,V1.2逐镜映射见data/阶段1_114镜资产调用映射_V1.2.csv,01;03;11;13,三人环月飞船，含返回舱、服务舱和对接口,以公开资料为上限，不宣称官方复原,交会;分离;月地转移,金属、隔热材料、低反光表面,环月轨道太阳光,外部多视图、对接轴视图,轨道场次,剧本明确;公开资料;创作者建议,已确认,P0航天器首批
BY-VEH-P0-002-揽月完整构型,VEH,揽月着陆器＋推进舱月轨组合体,P0,V1.2逐镜映射见data/阶段1_114镜资产调用映射_V1.2.csv,"场1,2,4；镜002,005,008,010,011,020,021,024,025",登月舱与推进舱组成的下降前构型,锁定两舱尺度和与梦舟对接关系,交会接近；对接；分离；降轨点火；推进舱任务完成,金属、隔热与推进结构,环月轨道太阳光,外部多视图与尺度图,下降前,剧本明确;公开资料,已确认,V1.2外部构型链首要验证资产
BY-VEH-P0-003-揽月登月舱,VEH,揽月登月舱,P0,V1.2逐镜映射见data/阶段1_114镜资产调用映射_V1.2.csv,"场4,5,6,7,8,9,10,11；镜025,027,033,037,038,039,042,047,051,054,055,057,058,067,068,074,075",推进舱分离后完成着陆、月面驻留、起飞与对接,统一舷梯、支架、舱门和对接口,下降姿态；触月承载；月面驻留；整器起飞；环月交会,金属、隔热、支架与舷梯结构,轨道光与月面太阳光,外部多视图、着陆与起飞状态,04-12,剧本明确;公开资料;创作者建议,已确认,P0航天器首批
BY-VEH-P1-003-揽月推进舱分离状态,VEH,揽月推进舱分离状态,P1,V1.2逐镜映射见data/阶段1_114镜资产调用映射_V1.2.csv,场4；镜025,公开流程的推进舱分离结果,不虚构高度、速度、机构和精确时序,分离前;分离后,推进结构,环月至下降环境,状态对照资产,04,剧本明确;公开资料,已确认采用,随完整构型制作
BY-VEH-P0-004-探索载人月球车,VEH,探索载人月球车,P0,V1.2逐镜映射见data/阶段1_114镜资产调用映射_V1.2.csv,"场9；镜058,059,066,067",双人驾乘月面移动与探测辅助载具,公开方向上补全驾驶位、车轮和载荷接口,折叠或驻车;双人行驶,金属、复合材料、月尘附着,月面固定太阳光,多视图、双人尺度、行驶状态,09,剧本明确;公开资料;创作者建议,已确认,月面设备包
BY-PRP-P0-001-梦舟三座椅与束缚系统,PRP,梦舟三座椅与束缚系统,P0,V1.2逐镜映射见data/阶段1_114镜资产调用映射_V1.2.csv,"场1,3,13,14,15；镜004,015,090,094,101,103",两张空座椅视觉母题和三人座位,座位归属、束缚带和相对位置固定,三人就座;两张空座椅;重新坐满,金属框架、功能织物、软约束,梦舟舱内任务光,结构多视图与人物尺度图,梦舟舱内,剧本明确,功能与补全口径已确认;形制由阶段2设计,梦舟舱内包核心
BY-PRP-P0-002-揽月舷梯与扶手系统,PRP,揽月舷梯与扶手系统,P0,V1.2逐镜映射见data/阶段1_114镜资产调用映射_V1.2.csv,"场7,8,10；镜047,048,049,052,069",出舱、下降与第一步动作路径,具体级数后置，锁定舱门、扶手和落脚逻辑,收纳;展开;使用,金属、低反光、防滑结构,月面固定太阳光,结构多视图、人物动作尺度,06-07,剧本明确;公开资料;创作者建议,已确认,随揽月登月舱设计
BY-PRP-P0-003-便携式月面摄像机,PRP,便携式月面摄像机,P0,V1.2逐镜映射见data/阶段1_114镜资产调用映射_V1.2.csv,"场7,8,9,11；镜045,047,053,060,061,074",建立国旗与月面起飞固定摄影来源,折叠、搬运、短支架、朝向和安全区连续,折叠;部署;固定拍摄,金属、复合材料、镜头与短支架,月面固定太阳光,多视图、部署动作、固定机位图,08-10,剧本明确;创作者建议,已确认,月面设备包
BY-PRP-P0-004-工程化国旗展示装置,PRP,工程化国旗展示装置,P0,V1.2逐镜映射见data/阶段1_114镜资产调用映射_V1.2.csv,"场7,8,9,11；镜045,054,055,056,057,067,074",底座、立杆、横向支撑和锁止结构,不采用普通旗杆插地动作，旗面无风摆动,折叠;搬运;展开;静止,金属支撑、织物旗面,月面固定太阳光,结构多视图、双人部署尺度,08,剧本明确;创作者建议,已确认,阶段2关键道具测试
BY-PRP-P0-005-密封样品转移容器,PRP,主样品密封转移容器,P0,V1.2逐镜映射见data/阶段1_114镜资产调用映射_V1.2.csv,"场10,11,13,14,16；镜068,071,076,089,101,113",样品从月面到梦舟的稳定容器,可固定、可通过对接通道、外部状态可检查,空载固定；装样封闭；外平台转移；揽月舱内锁止；跨舱转移；梦舟样品柜锁止,金属与密封结构、低反光,月面与舱内实际光源,多视图、手套与双手交接尺度,09-12,剧本明确;创作者建议,已确认,样品链核心资产
BY-PRP-P1-001-月面采样工具,PRP,月面采样工具,P1,V1.2逐镜映射见data/阶段1_114镜资产调用映射_V1.2.csv,"场7,9；镜045,059,062",手套可操作的月壤采样工具,与样品容器和人体尺度匹配,收纳;使用,金属、复合材料、低反光,月面固定太阳光,多视图与使用动作参考,09,剧本明确;创作者建议,已确认采用,月面设备包
BY-PRP-P1-002-月壤样品容器,PRP,月壤样品容器,P1,V1.2逐镜映射见data/阶段1_114镜资产调用映射_V1.2.csv,"场7,9；镜045,059,062",接收月壤并封闭的内层容器,可装入密封转移容器,开启;装样;关闭,密封结构、低反光,月面固定太阳光,多视图与手套操作参考,09,剧本明确;创作者建议,已确认采用,样品链资产
BY-PRP-P1-003-月面科学观测设备,PRP,小型月面科学载荷,P1,V1.2逐镜映射见data/阶段1_114镜资产调用映射_V1.2.csv,场9；镜064,折叠部署的泛化科学设备,不锁定未公开型号，动作逻辑可执行,收纳；搬运；布放；安装后；遥测上线,金属、复合材料、支撑结构,月面固定太阳光,多视图与双人部署参考,09,剧本明确;创作者建议,已确认,月面设备包
BY-PRP-P1-004-月面工具包与载荷固定系统,PRP,月面工具包与载荷固定系统,P1,V1.2逐镜映射见data/阶段1_114镜资产调用映射_V1.2.csv,场7；镜045,工具、国旗、摄像机和采样载荷的收纳与固定,与揽月设备舱和登月服动作匹配,固定;取出;回收,功能织物、绑带、金属锁止,舱内与月面实际光源,结构图与关系参考,月面任务,剧本明确;创作者建议,已确认,揽月设备关系切片
BY-PRP-P1-005-两器舱门与对接锁止结果件,PRP,两器舱门与对接锁止结果件,P1,V1.2逐镜映射见data/阶段1_114镜资产调用映射_V1.2.csv,"场3,13；镜013,014,016,018,019,089,092",梦舟侧与揽月侧舱门、对接锁和密封结果,明确关闭顺序和两侧差异,开启;关闭;锁闭;密封;解除,金属、密封圈、锁止机构,舱内与轨道实际光源,结构局部与状态对照,对接场次,剧本明确;创作者建议,已确认,与两个舱内场景同步设计
BY-PRP-P1-006-舱内操作界面与任务屏,PRP,舱内操作界面与任务屏,P1,V1.2逐镜映射见data/阶段1_114镜资产调用映射_V1.2.csv,"场1,2,3,4,5,7,9,10,11,12；镜004,007,009,017,018,023,029,044,046,063,071,073,079,081,082",无可读参数的结构与光影底图,所有文字、数据和标牌后期添加,常态;状态变化,低反光屏幕、实体操作区,各场实际光源,界面底图与后期安全区,多场,项目锁定;创作者建议,已确认锁定原则,阶段2只做无文字资产
BY-VFX-P1-001-地球发射火焰与烟羽,VFX,地球发射火焰与烟羽,P1,01场,历史V1.1,地球大气中的点火、烟羽和塔架受光,两次发射可复用，匹配不同构型,点火;离架,高温火焰、烟气、结构震动,文昌夜间大气,VFX模板与场景测试,01,剧本明确;科学约束,历史停用（V1.2不调用）,V1.2不含发射
BY-VFX-P1-002-环月轨道交会与对接,VFX,环月轨道交会与对接,P1,V1.2逐镜映射见data/阶段1_114镜资产调用映射_V1.2.csv,"场1,2,12；镜005,008,010,011,084,085,087",目标缓慢扩大、轴线收敛、接触捕获锁紧,两次对接复用同一物理逻辑,远距;接近;接触;锁紧,无空气轨道运动,环月轨道太阳光,轨道动作模板,01;11,剧本明确;科学约束,已确认采用,载具确认后制作
BY-VFX-P0-001-月面下降羽流与贴地月尘,VFX,月面下降羽流与贴地月尘,P0,V1.2逐镜映射见data/阶段1_114镜资产调用映射_V1.2.csv,"场5；镜027,037",低矮放射状高速散开的月尘,按弹道回落，不形成翻滚尘云,远距下降;近地下降,干燥月尘、真空羽流,月面固定太阳光,核心物理测试模板,04,剧本明确;科学约束,已确认锁定物理方向,阶段2技术测试
BY-VFX-P0-002-触月关机与月尘回落,VFX,触月关机与月尘回落,P0,V1.2逐镜映射见data/阶段1_114镜资产调用映射_V1.2.csv,"场5,6；镜038,039",支脚接触、羽流衰减和月尘回落属于同一事件,不表现延迟手动关机,接触;关机;静止,颗粒弹道、支脚压实,月面固定太阳光,触月技术测试,05,剧本明确;科学约束,已确认锁定物理方向,阶段2技术测试
BY-VFX-P0-003-第一足印月壤形变,VFX,第一足印月壤形变,P0,V1.2逐镜映射见data/阶段1_114镜资产调用映射_V1.2.csv,场8；镜050,靴底压实月壤，细颗粒向两侧位移,正常速度、无扬尘烟雾,接触;承重;足印稳定,细颗粒月壤,月面固定太阳光,极近景物理测试,07,剧本明确;科学约束,已确认锁定物理方向,阶段2技术测试
BY-VFX-P0-004-月面起飞羽流与留场余景,VFX,月面起飞羽流与留场余景,P0,V1.2逐镜映射见data/阶段1_114镜资产调用映射_V1.2.csv,"场11；镜074,075",登月舱起飞，月尘贴地散开，固定摄像机停留,不出现外部轰鸣或阿波罗式留月下降级,点火;上升;余景,真空羽流、月尘,月面固定太阳光,起飞技术测试模板,10,剧本明确;科学约束,已确认锁定物理方向,阶段2技术测试
BY-VFX-P1-003-月地转移点火与月球远离,VFX,月地转移点火与月球远离,P1,V1.2逐镜映射见data/阶段1_114镜资产调用映射_V1.2.csv,"场14；镜096,098",梦舟服务舱点火、姿态调整、月球弧面远离,运动速度克制，不做光速离月,点火;转移,无空气轨道运动,环月轨道太阳光,结尾视觉重建模板,13,剧本明确;科学约束,已确认采用,轨道视觉重建包
BY-SYM-P0-001-中华人民共和国国旗图形,SYM,中华人民共和国国旗图形,P0,V1.2逐镜映射见data/阶段1_114镜资产调用映射_V1.2.csv,"场7,8,9,11；镜045,054,055,056,057,067,074",工程化国旗装置上的准确国旗图形,禁止模型自由生成星位，使用准确贴图或后期合成,折叠;展开;静止,织物与准确图形,月面固定太阳光,准确图形资产与贴合测试,08,项目锁定;创作者建议,已确认,国旗装置确认后贴合
BY-SYM-P1-001-未来纪实推演标识,SYM,未来纪实推演标识,P1,V1.2逐镜映射见data/阶段1_114镜资产调用映射_V1.2.csv,"场1,16；镜001,114",明确艺术化推演属性的标识,后期添加，不进入AI原始画面,片头;片尾,后期图形,后期合成,统一包装资产,全片,项目锁定,已确认锁定,阶段2A建立包装规则
BY-SYM-P1-002-新闻条与日期标牌系统,SYM,新闻条与日期标牌系统,P1,01-02场,历史V1.1,新闻人物条、日期和任务标牌,后期添加，保证播出安全区和字体统一,多种新闻条,后期图形,后期合成,统一包装资产,01-02,剧本明确;项目锁定,历史停用（V1.2不调用）,V1.2已取消新闻段落；日期与任务阶段信息由BY-SYM-P1-003承担
BY-SYM-P1-003-任务阶段与时间跳跃标牌,SYM,任务阶段与时间跳跃标牌,P1,V1.2逐镜映射见data/阶段1_114镜资产调用映射_V1.2.csv,"场1,5,7,8,9,12,14；镜001,026,043,057,058,065,080,100",制动下降、接近月面、月面后段、数小时后等标牌,只用确认的公众解说词，不冒充官方程序名称,多阶段,后期图形,后期合成,统一包装资产,多场,剧本明确;项目锁定,已确认锁定原则,阶段2A建立包装规则
BY-CRO-P1-001-北京飞控任务团队,CRO,北京飞控任务团队,P1,V1.2逐镜映射见data/阶段1_114镜资产调用映射_V1.2.csv,"场2,4,5,6,8,10,11,12,14,15,16；镜006,012,022,028,031,035,041,053,072,077,083,088,097,104,107,113",不少于12名可辨岗位人员的任务群像,年龄、性别、脸、坐姿和岗位有差异，不复制同脸,常态;等待;确认后克制反应,正式工作服、控制台,飞控大厅任务光,群演构成表与群像资产,飞控场次,剧本明确;创作者建议,已确认,新闻飞控支持包
BY-SND-P0-001-舱内生命保障与设备底噪,SND,舱内生命保障与设备底噪,P0,V1.2逐镜映射见data/阶段1_114镜资产调用映射_V1.2.csv,"场1,2,3,4,5,6,7,9,10,11,12,13,14,15；镜004,007,009,011,015,017,018,023,029,032,036,038,040,043,063,069,071,076,079,081,082,090,094,098,100,101,103,106",稳定连续的舱内声音母题,不独立制作，随视频同步生成，不压对白,梦舟;揽月,风扇、设备、轻微结构声,封闭舱内,正式镜头Prompt声音约束,舱内场次,项目锁定;剧本明确,已确认锁定,不进入独立声音资产映射
BY-SND-P0-002-地月无线电通信质感,SND,地月无线电通信质感,P0,V1.2逐镜映射见data/阶段1_114镜资产调用映射_V1.2.csv,"场1,2,3,4,5,6,7,8,9,10,11,12,13,14,15,16；镜001,003,004,005,006,007,008,009,010,011,012,013,014,015,016,017,018,019,020,021,022,023,024,025,026,027,028,029,030,031,032,033,034,035,036,038,040,041,043,044,045,046,047,048,049,050,051,052,053,054,057,058,059,060,061,062,063,064,065,066,067,068,069,070,071,072,073,074,075,076,077,078,079,080,081,082,083,084,085,086,087,088,089,090,091,092,093,094,095,096,097,098,099,101,102,103,104,106,108,112,113",带宽感、底噪和传播停顿,不独立制作，随视频同步生成，保持可懂度,地面到月球;月球到地面,无线电质感,任务通信链,正式镜头Prompt声音约束,通信场次,项目锁定;科学约束,已确认锁定,不进入独立声音资产映射
BY-SND-P1-001-舱门对接机构结构传导,SND,舱门对接机构结构传导,P1,V1.2逐镜映射见data/阶段1_114镜资产调用映射_V1.2.csv,"场1,2,3,4,7,10,12,13,16；镜005,008,010,011,013,014,016,018,019,020,046,047,048,070,087,089,092,111,112",舱门、分离、接触、锁紧的结构传导声,只在舱内或结构路径可听，外部真空无巨大撞击,关闭;分离;接触;锁紧,机械与结构传导,舱内或结构路径,正式镜头Prompt声音约束,对接场次,剧本明确;科学约束,已确认锁定,随视频同步生成
BY-SND-P1-002-登月服内部呼吸与结构声,SND,登月服内部呼吸与结构声,P1,V1.2逐镜映射见data/阶段1_114镜资产调用映射_V1.2.csv,"场7,8,9,10,11；镜044,046,047,048,049,050,051,052,054,057,058,059,060,061,062,064,066,067,068,069,070,071,073,074,075,076,078",头盔内呼吸、关节和扶手接触传导,来自航天服内部与任务通信音轨，不是月面外部环境声,静息;活动;略重呼吸,呼吸、织物、关节结构声,登月服内部,正式镜头Prompt声音约束,月面场次,项目锁定;科学约束,已确认锁定,随视频同步生成
BY-SND-P1-003-发动机舱内结构振动,SND,发动机舱内结构振动,P1,V1.2逐镜映射见data/阶段1_114镜资产调用映射_V1.2.csv,"场4,5,14,15；镜024,038,098,103",下降和起飞时舱内可感知的结构振动,外部画面无空气轰鸣,点火;稳定工作;关机,低频结构振动,揽月舱内,正式镜头Prompt声音约束,下降与起飞,剧本明确;科学约束,已确认锁定,随视频同步生成
BY-SND-P2-001-新闻提示音,SND,新闻提示音,P2,01-01镜头,历史V1.1,片头单一克制提示音,不形成配乐，不反复使用,单次,短促提示音,新闻演播室,随片头视频生成或后期单点制作,01,剧本明确;项目锁定,历史停用（V1.2不调用）,V1.2无新闻包装提示音且全片无配乐
BY-REL-P0-001-三名航天员与岗位,REL,三名航天员与岗位关系,P0,V1.2逐镜映射见data/阶段1_114镜资产调用映射_V1.2.csv,全片,三人外观、服装、声音、座位和岗位一一对应,关系切片供人物、场景和声音组共同继承,全过程,人物与岗位连续性,全片实际光源,跨资产关系记录,全片,剧本明确,已确认锁定,阶段2B分工包必带
BY-REL-P0-002-杨凛服装状态链,REL,杨凛服装状态链,P0,V1.2逐镜映射见data/阶段1_114镜资产调用映射_V1.2.csv,03-10,舱内飞行服到登月服再回舱内状态,顺序固定，不跨镜混用互斥状态,舱内;登月服;月尘;脱服后,服装连续性,舱内与月面,跨资产关系记录,03-10,剧本明确,已确认锁定,人物组关系切片
BY-REL-P0-003-陈砚服装状态链,REL,陈砚服装状态链,P0,V1.2逐镜映射见data/阶段1_114镜资产调用映射_V1.2.csv,03-10,与杨凛同阶段但工具痕迹不同,顺序固定，不跨镜混用互斥状态,舱内;登月服;月尘;脱服后,服装连续性,舱内与月面,跨资产关系记录,03-10,剧本明确,已确认锁定,人物组关系切片
BY-REL-P0-004-刘定槎与两张空座椅,REL,刘定槎与两张空座椅,P0,03-13场,历史V1.1,分离后空出、等待时存在、重聚后坐满,座位位置、束缚带和人物归属固定,三人;两空座;重新坐满,空间母题连续性,梦舟舱内任务光,跨资产关系记录,03-13,剧本明确,历史停用（V1.2不调用）,叙事关系失效；由BY-REL-P0-009替代
BY-REL-P0-005-揽月构型状态链,REL,揽月构型状态链,P0,V1.2逐镜映射见data/阶段1_114镜资产调用映射_V1.2.csv,01;03-12,着陆器＋推进舱交会对接—分离降轨—推进舱分离—着陆器下降／触月／整体起飞—再对接—受控处置。,禁止出现阿波罗式上升级下降级,完整;分离;着陆;起飞;对接,航天器构型连续性,轨道与月面光,跨资产关系记录,多场,剧本明确;公开资料,已确认锁定,按V1.2扩展后的完整状态链执行
BY-REL-P0-006-月面摄像机摄影来源,REL,月面摄像机摄影来源,P0,V1.2逐镜映射见data/阶段1_114镜资产调用映射_V1.2.csv,08-10,先部署摄像机后才能调用国旗和起飞固定全景,位置、朝向和安全区不得漂移,折叠;部署;固定拍摄,空间与摄影来源连续性,月面固定太阳光,跨资产关系记录,08-10,剧本明确,已确认锁定,月面场景组关系切片
BY-REL-P0-007-国旗装置部署链,REL,国旗装置部署链,P0,V1.2逐镜映射见data/阶段1_114镜资产调用映射_V1.2.csv,08,折叠、搬运、底座稳定、支撑锁定、展开、静止,旗面无风，只允许部署余振,多状态,道具状态连续性,月面固定太阳光,跨资产关系记录,08,剧本明确;科学约束,已确认锁定,道具组关系切片
BY-REL-P0-008-样品转移链,REL,样品转移链,P0,V1.2逐镜映射见data/阶段1_114镜资产调用映射_V1.2.csv,09-12,月面编号采样—装袋封口—主容器封闭—揽月固定—样品先行跨舱—梦舟样品柜锁止—回收接收。,容器外观、持有人和位置连续,空;装样;转移;固定,道具与人物接触连续性,月面与舱内,跨资产关系记录,09-12,剧本明确,已确认锁定,道具组关系切片
BY-REL-P1-001-月面空间总图,REL,月面空间总图,P1,V1.2逐镜映射见data/阶段1_114镜资产调用映射_V1.2.csv,04-10,登月舱、舷梯、摄像机、国旗、科学设备、车辙和羽流安全区关系,阶段2锁定太阳方向和坐标,着陆前;作业;起飞后,空间连续性,月面固定太阳光,空间设计卡,04-10,剧本明确;创作者建议,已确认,场景组核心关系切片
BY-REL-P1-002-两侧舱门顺序,REL,两侧舱门顺序,P1,V1.2逐镜映射见data/阶段1_114镜资产调用映射_V1.2.csv,03;12-13,返回转移后先关闭揽月侧，最终分离前关闭梦舟侧,两侧舱门名和状态不得混淆,开启;关闭;密封;分离,机构与程序连续性,两器舱内,跨资产关系记录,对接场次,剧本明确,已确认锁定,场景与道具组共用
BY-REL-P1-003-声音来源真实性,REL,声音来源真实性,P1,V1.2逐镜映射见data/阶段1_114镜资产调用映射_V1.2.csv,全片,月面外部无空气传播声，呼吸与无线电来自任务通信音轨,全片不要配乐，声音随视频同步生成,舱内;月面;轨道;地面,声音来源连续性,各场环境,正式镜头声音关系记录,全片,项目锁定;科学约束,已确认锁定,阶段3每镜终检
BY-SCN-P0-005-梦舟环月工作位,SCN,梦舟返回舱环月工作位,P0,V1.2逐镜映射见data/阶段1_114镜资产调用映射_V1.2.csv,"场1,2,3,9,11,12；镜004,007,018,063,079,081",三座承力座椅区的环月工作状态视图；刘定槎从任务席完成交会、遥测和轨道协同。,工作位不是第四个位置；任务席、共享前上方显示控制区和相邻两张空座属于同一承力座椅区。,初次交会；环月留守；上升目标捕获；再交会；地月返回准备,承力座椅、暖白喷涂面板、石墨灰控制件、织物软包、蓝色扶手,舱顶暖白任务灯＋屏幕微弱冷光；窗外黑暗,任务席MASTER、正向工作视图、肩后工作视图,第1、3、9、11—14场,V1.2剧本明确＋项目锁定＋公开工程资料边界,已确认生产方向,阶段2A重入后按生产包执行
BY-SCN-P0-006-北京飞控大厅与任务主屏,SCN,北京飞控大厅与任务主屏,P0,V1.2逐镜映射见data/阶段1_114镜资产调用映射_V1.2.csv,"场2,4,5,6,8,10,11,12,14,15,16；镜006,012,022,028,031,035,041,053,072,077,083,088,097,104,107,113",真实国家任务控制大厅尺度，核心席、任务主屏和分层工作席可辨。,不做商业科幻舰桥；屏幕只生成无字结构底图，可读信息后期添加。,交会；下降；触月；月面活动；起飞；再交会；返回；再入；任务完成,低反光控制台、克制蓝灰屏光、暖白顶灯,稳定任务光，人物与环境共享光源,MASTER、任务席、主屏、控制台局部,第2、5、6、8、10、12、14—16场,V1.2剧本明确＋项目锁定＋公开工程资料边界,已确认生产方向,阶段2A重入后按生产包执行
BY-SCN-P0-007-返回舱再入视觉环境,SCN,返回舱再入视觉环境,P0,V1.2逐镜映射见data/阶段1_114镜资产调用映射_V1.2.csv,"场15；镜102,104,105,106,108",近地空间、高层大气、地球弧面和返回舱跳跃式再入的统一视觉环境。,第一次擦入、短暂跃出、第二次再入、黑障和开伞属于同一连续轨迹。,服务舱分离；第一次再入；跃出；第二次再入；辉光减弱；开伞,地球蓝白层次、黑色近地空间、受控等离子辉光,太阳光、地球反照与等离子自发光来源清楚,再入MASTER及关键状态视图,第15场,V1.2剧本明确＋项目锁定＋公开工程资料边界,已确认生产方向,阶段2A重入后按生产包执行
BY-SCN-P0-008-预定着陆区与搜救现场,SCN,预定着陆区与搜救现场,P0,V1.2逐镜映射见data/阶段1_114镜资产调用映射_V1.2.csv,"场15,16；镜109,110,111,112,113,114",返回舱陆上着陆、空地搜救、舱体处置和医学接收的一体化现场。,着陆地点保持泛化，不制造具体未公布地名。,落点椭圆；气囊触地；空地抵达；安全检查；开舱；医学检查；样品接收,真实荒漠／草原地表、工程车辆、医疗与安全装备,克制日间自然光；现场风尘只按地球环境表现,MASTER、航拍、手持长焦、舱门医疗视图,第15—16场,V1.2剧本明确＋项目锁定＋公开工程资料边界,已确认生产方向,阶段2A重入后按生产包执行
BY-SCN-P1-007-佳木斯66米深空测控站,SCN,佳木斯66米深空测控站,P1,V1.2逐镜映射见data/阶段1_114镜资产调用映射_V1.2.csv,"场1,5,8,11；镜003,035,053,077",大型深空天线与值班测控工作区。,天线结构以公开资料为锚，界面无可读伪参数。,月轨交会；动力下降；月面活动；月面起飞；地月返回,真实天线钢结构、设备机柜和控制台,外景自然光／夜间按镜头统一；室内任务光,天线MASTER、长焦跟踪、值班工作区,第1、5、8、11、14场,V1.2剧本明确＋项目锁定＋公开工程资料边界,已确认生产方向,阶段2A重入后按生产包执行
BY-SCN-P1-008-喀什35米深空测控站,SCN,喀什35米深空测控站,P1,V1.2逐镜映射见data/阶段1_114镜资产调用映射_V1.2.csv,"场4,5,11；镜022,035,077",深空测控天线与备份链路工作区。,与佳木斯在尺度和环境上可区分。,降轨接力；动力下降备份；月面起飞双目标跟踪；地月返回,公开天线结构、干旱地区工程环境,外景自然光；室内任务光,天线MASTER、跟踪状态视图,第4、5、11、14场,V1.2剧本明确＋项目锁定＋公开工程资料边界,已确认生产方向,阶段2A重入后按生产包执行
BY-SCN-P1-009-VLBI测轨席,SCN,VLBI测轨席／天衡界面,P1,V1.2逐镜映射见data/阶段1_114镜资产调用映射_V1.2.csv,场12；镜083,多站测轨数据汇聚与轨道解算校核席位。,不等同于单一青岛站；屏幕只做抽象底图。,降轨解算；下降外测；起飞窗口；再交会校核；返回走廊,克制控制台、深色任务屏、有限实体输入设备,稳定室内任务光,席位MASTER和控制台局部,第4、5、10、12、14场,V1.2剧本明确＋项目锁定＋公开工程资料边界,已确认生产方向,阶段2A重入后按生产包执行
BY-SCN-P1-010-北京飞控地质席,SCN,北京飞控地质席,P1,V1.2逐镜映射见data/阶段1_114镜资产调用映射_V1.2.csv,场9；镜061,地质专家把落区图与月面摄像叠合的工作席。,属于北京飞控体系，不另造科幻实验室。,路线建议；样品点核对；载荷遥测,控制台、无字地图底图、通信耳机,继承飞控大厅任务光,席位MASTER、分屏局部,第9场,V1.2剧本明确＋项目锁定＋公开工程资料边界,已确认生产方向,阶段2A重入后按生产包执行
BY-SCN-P1-011-搜救指挥中心,SCN,返回器搜救指挥中心,P1,V1.2逐镜映射见data/阶段1_114镜资产调用映射_V1.2.csv,场16；镜110,落点预测、空地接力和回收状态闭合的指挥空间。,与北京飞控可剪辑区分，界面后期添加。,落点收敛；队伍接近；舱体与乘组状态闭合,真实调度席、通信设备、地图屏底图,克制任务光,MASTER、主屏／席位局部,第15—16场,V1.2剧本明确＋项目锁定＋公开工程资料边界,已确认生产方向,阶段2A重入后按生产包执行
BY-LGT-P0-004-月面艺术化任务日光,LGT,月面艺术化任务日光,P0,V1.2逐镜映射见data/阶段1_114镜资产调用映射_V1.2.csv,"场5,6,7,8,9,10,11；镜027,030,032,033,034,037,038,039,042,047,048,049,050,051,052,053,054,055,056,057,058,059,060,061,062,064,066,067,068,069,074,075",为可见性与跨镜连续性建立的单一硬质平行主光。,MASTER左前上方入光、阴影右后；方位225°、高度22°仅为美术生产坐标。,下降；触月；EVA；国旗；科学任务；返舱；起飞,高反差硬光、有限月壤反射、白色装备高光受控,黑天空、无大气散射、无来源轮廓光、无HDR抬暗部,先在月面MASTER锁定，再供所有月面视图继承,第5—11场,V1.2剧本明确＋项目锁定＋公开工程资料边界,用户已确认,重做月面MASTER光影校准测试
BY-LGT-P0-005-返回舱再入等离子辉光,LGT,返回舱再入等离子辉光,P0,V1.2逐镜映射见data/阶段1_114镜资产调用映射_V1.2.csv,"场15；镜104,106,108",高速再入时防热大底周围的受控等离子自发光。,两次再入强度变化清楚，不做爆炸火球。,第一次再入；跃出减弱；第二次再入；黑障；恢复,橙白核心、稀薄红橙尾迹、舱体暗部受自发光照亮,与地球弧面和太阳光逻辑统一,与再入VFX联动制作,第15场,V1.2剧本明确＋项目锁定＋公开工程资料边界,已确认生产方向,阶段2A重入后按生产包执行
BY-LGT-P1-006-深空测控站任务光,LGT,深空测控站任务光,P1,V1.2逐镜映射见data/阶段1_114镜资产调用映射_V1.2.csv,"场1,4,5,8,11,12；镜003,022,035,053,077,083",佳木斯、喀什和VLBI工作区统一的克制任务照明。,不同站点保留环境差异。,常态；关键窗口,中性暖白顶灯、低亮屏光,禁止科幻蓝光大厅,随场景母图锁定,第1、4、5、10—14场,V1.2剧本明确＋项目锁定＋公开工程资料边界,已确认生产方向,阶段2A重入后按生产包执行
BY-LGT-P1-007-搜救着陆区日间自然光,LGT,搜救着陆区日间自然光,P1,V1.2逐镜映射见data/阶段1_114镜资产调用映射_V1.2.csv,"场15,16；镜109,110,111,112,113,114",回收现场可辨识的克制自然日光。,不锁定具体回收地经纬度和天气实况。,低空；着陆；搜救抵达；开舱；终景,自然天空光、地表反射、返回舱高温表面,无电影式金色逆光,与搜救现场MASTER同步确认,第15—16场,V1.2剧本明确＋项目锁定＋公开工程资料边界,已确认生产方向,阶段2A重入后按生产包执行
BY-VEH-P0-005-梦舟月轨组合体,VEH,梦舟返回舱＋服务舱月轨组合体,P0,V1.2逐镜映射见data/阶段1_114镜资产调用映射_V1.2.csv,"场1,2,4,12,13,14；镜002,005,008,010,011,020,021,084,085,087,093,095,096,098",返回舱、无人服务舱、太阳翼和前向对接口可辨认的完整组合体。,服务舱不可出现载人舷窗或观察室。,环月待机；两次对接；地月转移姿态,隔热材料、太阳翼、推进与热控外部设备,继承环月轨道光,完整组合体结构验证和关键状态视图,第1—4、12—14场,V1.2剧本明确＋项目锁定＋公开工程资料边界,已确认生产方向,阶段2A重入后按生产包执行
BY-VEH-P0-006-梦舟返回舱独立再入构型,VEH,梦舟返回舱独立再入构型,P0,V1.2逐镜映射见data/阶段1_114镜资产调用映射_V1.2.csv,"场15；镜102,104,105,106,108",服务舱分离后的独立返回舱，防热大底朝向清楚。,外形以公开返回舱方向为锚，未公开细部克制补全。,分离；姿态调整；等离子再入；开伞前,烧蚀防热材料、耐高温外表、天线区域,再入辉光与高层大气,结构验证＋再入状态继承,第15场,V1.2剧本明确＋项目锁定＋公开工程资料边界,已确认生产方向,阶段2A重入后按生产包执行
BY-VEH-P0-007-返回舱群伞气囊着陆构型,VEH,返回舱群伞／气囊着陆构型,P0,V1.2逐镜映射见data/阶段1_114镜资产调用映射_V1.2.csv,"场15,16；镜108,109,110,111,112,113,114",返回舱稳定伞、主伞、充气气囊和陆上着陆状态。,明确属于公开技术基础上的艺术方案。,稳定伞；主伞；气囊充气；触地滚摆；着陆稳定,高强织物伞具、烧蚀舱体、工程气囊,地球大气与日间现场光,与开伞、气囊VFX和搜救场景联合验证,第15—16场,V1.2剧本明确＋项目锁定＋公开工程资料边界,已确认生产方向,阶段2A重入后按生产包执行
BY-VEH-P1-004-揽月月面起飞状态,VEH,揽月整器月面起飞状态,P1,V1.2逐镜映射见data/阶段1_114镜资产调用映射_V1.2.csv,"场11；镜074,075,078",四条着陆腿随着陆器整体离月的构型。,禁止阿波罗式留月下降级。,点火；垂直上升；俯仰转弯；入轨,继承已确认揽月材料,艺术化月面日光与贴地羽流,由揽月基础资产派生状态,第11场,V1.2剧本明确＋项目锁定＋公开工程资料边界,已确认生产方向,阶段2A重入后按生产包执行
BY-VEH-P1-005-揽月月轨再对接状态,VEH,揽月月轨再交会对接状态,P1,V1.2逐镜映射见data/阶段1_114镜资产调用映射_V1.2.csv,"场12；镜084,085,087",月面起飞后的揽月与梦舟轴向接近、捕获和硬连接。,与首次对接使用同一接口家族。,近程导引；百米点；最终接近；捕获；硬连接,继承揽月和梦舟外部材料,环月轨道光,两器尺度与对接轴线验证,第12—13场,V1.2剧本明确＋项目锁定＋公开工程资料边界,已确认生产方向,阶段2A重入后按生产包执行
BY-VEH-P1-006-揽月受控处置状态,VEH,揽月受控分离处置状态,P1,V1.2逐镜映射见data/阶段1_114镜资产调用映射_V1.2.csv,"场13；镜093,095",人员与样品转移完成后，揽月与梦舟分离并进入另一条处置轨迹。,不锁定具体撞击点。,分离；安全距离；轨迹分叉；远离,继承揽月基础构型,环月轨道光,与处置轨迹VFX联合制作,第13场,V1.2剧本明确＋项目锁定＋公开工程资料边界,已确认生产方向,阶段2A重入后按生产包执行
BY-VEH-P1-007-梦舟服务舱近地分离状态,VEH,梦舟服务舱近地分离状态,P1,V1.2逐镜映射见data/阶段1_114镜资产调用映射_V1.2.csv,场15；镜102,近地再入前服务舱与返回舱分离，只有返回舱进入大气。,服务舱保持无人非密封外部结构。,主供能关闭；分离；返回舱调姿,继承梦舟组合体材料,近地空间与地球反照,外部构型状态验证,第15场,V1.2剧本明确＋项目锁定＋公开工程资料边界,已确认生产方向,阶段2A重入后按生产包执行
BY-VEH-P1-008-搜救直升机与地面车辆,VEH,搜救直升机与地面车辆配置,P1,V1.2逐镜映射见data/阶段1_114镜资产调用映射_V1.2.csv,场16；镜110,空中和地面两路接近返回舱的搜救载具。,不绑定未公布型号和涂装细节。,远距接近；抵达；医疗／样品转运,真实搜救工程装备,着陆区自然光,载具配置与尺度验证,第16场,V1.2剧本明确＋项目锁定＋公开工程资料边界,已确认生产方向,阶段2A重入后按生产包执行
BY-PRP-P1-007-任务数据盒与随身救生包,PRP,任务数据盒与随身救生包,P1,V1.2逐镜映射见data/阶段1_114镜资产调用映射_V1.2.csv,场3；镜014,人员转移前先行跨舱的小型固定任务物品。,可由戴手套人员沿固定索传递。,梦舟固定；通道传递；揽月固定,耐磨织物包、硬壳数据盒、系留点,舱内任务光,道具结构与手套尺度验证,第3场,V1.2剧本明确＋项目锁定＋公开工程资料边界,已确认生产方向,阶段2A重入后按生产包执行
BY-PRP-P1-008-主样品容器编号与固定座,PRP,主样品容器编号、封签与固定座,P1,V1.2逐镜映射见data/阶段1_114镜资产调用映射_V1.2.csv,"场10,11,13,14,16；镜068,071,076,089,101,113",承载采样袋并贯穿月面—揽月—梦舟—回收链。,编号、封签和可读信息后期添加。,空载；接近上限；封闭；外平台锁止；舱内锁止；跨舱；回收接收,金属／复合材料硬壳、双重锁止,月面与舱内光影分别继承,与BY-PRP-P0-005形成容器系统,第9—10、13—16场,V1.2剧本明确＋项目锁定＋公开工程资料边界,已确认生产方向,阶段2A重入后按生产包执行
BY-PRP-P1-009-污染控制用品,PRP,月尘污染控制用品,P1,V1.2逐镜映射见data/阶段1_114镜资产调用映射_V1.2.csv,场10；镜071,返舱后擦拭登月服接口和样品容器的工具。,不表现扬尘和随意脱服。,收纳；擦拭；封存,低掉屑擦拭材料、密封袋、固定夹,揽月舱内任务光,道具组轻量结构验证,第10场,V1.2剧本明确＋项目锁定＋公开工程资料边界,已确认生产方向,阶段2A重入后按生产包执行
BY-PRP-P1-010-返回舱样品柜与锁止,PRP,梦舟返回舱样品柜与锁止,P1,V1.2逐镜映射见data/阶段1_114镜资产调用映射_V1.2.csv,场14；镜101,返航时独立固定主样品容器的紧凑柜体。,与三座承载区不冲突。,空；容器锁止；回收交接,暖白设备柜、金属锁扣、软性防撞衬垫,梦舟舱内任务光,与梦舟返航构型联合验证,第13—16场,V1.2剧本明确＋项目锁定＋公开工程资料边界,已确认生产方向,阶段2A重入后按生产包执行
BY-PRP-P1-011-返回舱信标与现场安全工具,PRP,返回舱信标与现场安全处置工具,P1,V1.2逐镜映射见data/阶段1_114镜资产调用映射_V1.2.csv,场16；镜111,着陆后定位、温度／电气安全检查和舱门处置用品。,不写可读型号和未公布程序。,信标工作；安全检查；开舱准备,耐候工程设备、测温和绝缘工具,着陆区自然光,搜救场景道具组,第15—16场,V1.2剧本明确＋项目锁定＋公开工程资料边界,已确认生产方向,阶段2A重入后按生产包执行
BY-VFX-P0-005-返回舱等离子辉光与黑障视觉,VFX,返回舱等离子辉光与黑障视觉,P0,V1.2逐镜映射见data/阶段1_114镜资产调用映射_V1.2.csv,"场15；镜104,106,108",两次再入的等离子辉光、热流变化和通信衰减可见结果。,黑障是信号状态，不表现飞船故障。,第一次再入；跃出减弱；第二次再入；黑障；通信恢复,受控橙白辉光、稀薄尾迹,高层大气，无爆炸式火焰,高风险技术测试,第15场,V1.2剧本明确＋项目锁定＋公开工程资料边界,已确认生产方向,阶段2A重入后按生产包执行
BY-VFX-P0-006-稳定伞与主伞展开,VFX,返回舱稳定伞／主伞展开,P0,V1.2逐镜映射见data/阶段1_114镜资产调用映射_V1.2.csv,场15；镜108,辉光减弱后伞具按程序依次展开，下降姿态稳定。,高度与伞型保持泛化。,稳定伞；主伞；稳定下降,真实织物充气和绳索受力,地球大气环境,与返回舱群伞构型联合测试,第15场,V1.2剧本明确＋项目锁定＋公开工程资料边界,已确认生产方向,阶段2A重入后按生产包执行
BY-VFX-P0-007-气囊触地滚摆,VFX,返回舱气囊触地与滚摆,P0,V1.2逐镜映射见data/阶段1_114镜资产调用映射_V1.2.csv,场15；镜109,气囊充气、触地、短距离滚摆并稳定。,属于艺术化陆上回收方案。,充气；触地；滚摆；稳定,地表尘土和气囊变形符合地球环境,着陆区自然光,与搜救MASTER联合测试,第15场,V1.2剧本明确＋项目锁定＋公开工程资料边界,已确认生产方向,阶段2A重入后按生产包执行
BY-VFX-P1-004-姿控喷流,VFX,月轨姿态控制喷流,P1,V1.2逐镜映射见data/阶段1_114镜资产调用映射_V1.2.csv,"场2,4,12,13,15；镜008,025,084,093,102,103",两器交会、分离和姿态调整时的短促微弱喷流。,外部静音，不形成爆炸火焰。,接近；停泊；分离；调姿,稀薄短促羽流,太空真空,梦舟／揽月通用模板,第2、4、12—15场,V1.2剧本明确＋项目锁定＋公开工程资料边界,已确认生产方向,阶段2A重入后按生产包执行
BY-VFX-P1-005-半弹道跳跃式再入轨迹,VFX,半弹道跳跃式再入轨迹,P1,V1.2逐镜映射见data/阶段1_114镜资产调用映射_V1.2.csv,"场15；镜104,105,106",第一次擦入、跃出稠密大气、再次下弯和第二次再入的后期轨迹表达。,不得写成进入地球同步轨道。,第一次入射；跃出；第二次入射,克制轨迹线和地球弧面,可读数字后期制作,后期轨迹模板,第15场,V1.2剧本明确＋项目锁定＋公开工程资料边界,已确认生产方向,阶段2A重入后按生产包执行
BY-VFX-P1-006-揽月受控处置轨迹,VFX,揽月受控处置轨迹,P1,V1.2逐镜映射见data/阶段1_114镜资产调用映射_V1.2.csv,"场13；镜093,095",梦舟与揽月分离后的轨迹分叉和安全距离。,不锁定具体撞击点。,分离；轨迹分叉；目标移除,克制轨迹图形,环月轨道环境,与揽月处置状态联合制作,第13场,V1.2剧本明确＋项目锁定＋公开工程资料边界,已确认生产方向,阶段2A重入后按生产包执行
BY-VFX-P1-007-月球车轮迹与低重力扬尘,VFX,月球车轮迹与低重力扬尘,P1,V1.2逐镜映射见data/阶段1_114镜资产调用映射_V1.2.csv,"场9；镜058,059,066,067",车轮压出连续轨迹，少量颗粒按弹道落回。,无空气翻滚尘云。,卸载；行驶；转弯；返程,月壤颗粒和轮迹压实,艺术化月面任务日光,月面物理测试,第9场,V1.2剧本明确＋项目锁定＋公开工程资料边界,已确认生产方向,阶段2A重入后按生产包执行
BY-SYM-P0-002-艺术化光照偏差推演声明,SYM,艺术化光照偏差推演声明,P0,V1.2逐镜映射见data/阶段1_114镜资产调用映射_V1.2.csv,"场1,16；镜001,114",片头短声明和片尾完整声明，明确日期／坐标与真实自然照明存在偏差。,由后期准确排版，AI原图不生成文字。,片头短版；片尾完整版,后期字幕图形,不适用,按锁定文本制作,镜001、114,V1.2剧本明确＋项目锁定＋公开工程资料边界,用户已确认,建立后期包装规范；不进入生图正文
BY-SYM-P1-004-任务轨迹与相位图模板,SYM,任务轨迹、相位与走廊图后期模板,P1,V1.2逐镜映射见data/阶段1_114镜资产调用映射_V1.2.csv,"场1,2,3,4,5,6,7,8,9,10,14,16；镜003,004,006,007,012,018,019,022,023,026,028,029,034,042,046,053,065,070,099,113",交会、下降、月面路线、地月转移和再入的克制信息图底图。,可读参数、坐标和标注后期添加。,交会；下降；路线；转移；再入,深色任务界面、细线轨迹,屏幕光受场景限制,跨场复用后期模板,全片任务屏,V1.2剧本明确＋项目锁定＋公开工程资料边界,已确认生产方向,阶段2A重入后按生产包执行
BY-SYM-P1-005-样品编号与封签模板,SYM,样品编号、封签与接收状态模板,P1,V1.2逐镜映射见data/阶段1_114镜资产调用映射_V1.2.csv,"场7,9；镜045,059,062",采样袋、主容器和回收接收的统一编号体系。,AI原图不生成可读编号。,采样；封装；转移；接收,后期贴图与字幕,不适用,与样品道具同步设计,第9—10、13、16场,V1.2剧本明确＋项目锁定＋公开工程资料边界,已确认生产方向,阶段2A重入后按生产包执行
BY-CRO-P1-002-深空测控值班团队,CRO,深空测控值班团队,P1,V1.2逐镜映射见data/阶段1_114镜资产调用映射_V1.2.csv,"场1,4,5,8,11；镜003,022,035,053,077",佳木斯、喀什和VLBI席位的专业值班人员配置。,岗位、年龄和脸部有差异，不复制同脸。,常态值班；关键窗口,中国航天测控工作服方向,站内任务光,与测控场景配套,第1、4、5、10—14场,V1.2剧本明确＋项目锁定＋公开工程资料边界,已确认生产方向,阶段2A重入后按生产包执行
BY-CRO-P1-003-搜救与医疗团队,CRO,搜救、安全处置与医疗团队,P1,V1.2逐镜映射见data/阶段1_114镜资产调用映射_V1.2.csv,"场16；镜110,111,112,113,114",先安全检查、再开舱和医学接收的多岗位团队。,不让航天员落地立即站立庆祝。,空地接近；安全处置；开舱；医学检查；样品接收,真实防护服、医疗和工程装备,着陆区自然光,与搜救场景和载具配套,第16场,V1.2剧本明确＋项目锁定＋公开工程资料边界,已确认生产方向,阶段2A重入后按生产包执行
BY-VOI-P1-005-林海深空测控声音,VOI,林海深空测控稳定音色,P1,V1.2逐镜映射见data/阶段1_114镜资产调用映射_V1.2.csv,"场1,5,8,11,14；镜003,028,035,053,077,097",佳木斯主链路席位的克制无线电声音。,中性中低音、短句、清楚报数。,中性样本,稳定、专业、无表演腔,不适用,独立音色验证,第1、5、8、11、14场,V1.2剧本明确＋项目锁定＋公开工程资料边界,已确认生产方向,阶段2A重入后按生产包执行
BY-VOI-P1-006-叶河深空测控声音,VOI,叶河深空测控稳定音色,P1,V1.2逐镜映射见data/阶段1_114镜资产调用映射_V1.2.csv,"场4,5,11；镜022,035,077",喀什备份链路席位声音。,与林海明显可辨。,中性样本,中音、简洁、冷静,不适用,独立音色验证,第4、5、11、14场,V1.2剧本明确＋项目锁定＋公开工程资料边界,已确认生产方向,阶段2A重入后按生产包执行
BY-VOI-P1-007-天衡测轨声音,VOI,天衡VLBI测轨稳定音色,P1,V1.2逐镜映射见data/阶段1_114镜资产调用映射_V1.2.csv,"场4,5,10,12,14；镜022,035,072,083,099",测轨网统一呼号声音。,不等同于单一站点；语气偏数据校核。,中性样本,中低音、精确、无情绪化,不适用,独立音色验证,第4、5、10、12、14场,V1.2剧本明确＋项目锁定＋公开工程资料边界,已确认生产方向,阶段2A重入后按生产包执行
BY-VOI-P1-008-搜救指挥声音,VOI,搜救指挥稳定音色,P1,V1.2逐镜映射见data/阶段1_114镜资产调用映射_V1.2.csv,"场15,16；镜109,110",落点、空地接力和安全处置调度声音。,与北京飞控主调度区分。,中性样本,中低音、现场调度感,不适用,独立音色验证,第15—16场,V1.2剧本明确＋项目锁定＋公开工程资料边界,已确认生产方向,阶段2A重入后按生产包执行
BY-VOI-P1-009-小天任务智能体声音,VOI,小天任务智能体稳定音色,P1,V1.2逐镜映射见data/阶段1_114镜资产调用映射_V1.2.csv,"场1,2,3,5,7,10,11,12,13,15；镜004,007,018,030,032,034,046,070,076,085,094,103",受限任务智能体的中性提示音色。,不拟人化卖萌，不表现自主权威。,中性样本,清晰、中性、低情绪、短句,不适用,独立音色验证,第1—15场,V1.2剧本明确＋项目锁定＋公开工程资料边界,已确认生产方向,阶段2A重入后按生产包执行
BY-VOI-P1-010-北京地质席声音,VOI,北京地质席稳定音色,P1,V1.2逐镜映射见data/阶段1_114镜资产调用映射_V1.2.csv,场9；镜061,月面路线与采样建议的科学席声音。,与飞控主调度区分。,中性样本,专业、审慎、中等语速,不适用,独立音色验证,第9场,V1.2剧本明确＋项目锁定＋公开工程资料边界,已确认生产方向,阶段2A重入后按生产包执行
BY-VOI-P1-011-现场指挥声音,VOI,回收现场指挥稳定音色,P1,V1.2逐镜映射见data/阶段1_114镜资产调用映射_V1.2.csv,场16；镜111,返回舱安全检查和开舱程序的现场声音。,短句、明确、带现场通信质感。,中性样本,中音、清晰、无庆典语气,不适用,独立音色验证,第16场,V1.2剧本明确＋项目锁定＋公开工程资料边界,已确认生产方向,阶段2A重入后按生产包执行
BY-SND-P1-004-再入结构与通信衰减,SND,再入舱内结构与通信衰减,P1,V1.2逐镜映射见data/阶段1_114镜资产调用映射_V1.2.csv,"场15；镜102,103,104,105,106,108",再入振动、结构传导、无线电衰减与黑障噪声的同步生成约束。,不独立制作基础音频。,第一次再入；黑障；恢复,低频结构声、通信噪声,声音来自舱内与通信链路,随镜头视频同步生成,第15场,V1.2剧本明确＋项目锁定＋公开工程资料边界,已确认生产方向,阶段2A重入后按生产包执行
BY-SND-P1-005-降落伞与着陆冲击,SND,降落伞气动与着陆冲击,P1,V1.2逐镜映射见data/阶段1_114镜资产调用映射_V1.2.csv,"场15；镜108,109",地球大气中的伞具气动、舱内冲击和地面接触声。,不混入配乐。,开伞；气囊触地；滚摆,真实气动与结构声,仅地球大气／舱内可传播,随镜头视频同步生成,第15场,V1.2剧本明确＋项目锁定＋公开工程资料边界,已确认生产方向,阶段2A重入后按生产包执行
BY-SND-P1-006-搜救现场声,SND,搜救现场风声、车辆设备与远距通信,P1,V1.2逐镜映射见data/阶段1_114镜资产调用映射_V1.2.csv,"场16；镜110,111,112,113,114",回收现场的地球环境声和任务通信。,不做英雄式音乐。,接近；安全检查；开舱；终景,自然风、车辆、设备、远距无线电,地球大气环境,随镜头视频同步生成,第16场,V1.2剧本明确＋项目锁定＋公开工程资料边界,已确认生产方向,阶段2A重入后按生产包执行
BY-SND-P1-007-月球车设备链路结构声,SND,月球车设备链路结构声,P1,V1.2逐镜映射见data/阶段1_114镜资产调用映射_V1.2.csv,"场9；镜058,059,066,067",经车载／通信设备传回的电机和结构振动。,不是月面外部空气拾音。,卸载；行驶；返程,受限频带电机结构声,通信链路来源,随镜头视频同步生成,第9场,V1.2剧本明确＋项目锁定＋公开工程资料边界,已确认生产方向,阶段2A重入后按生产包执行
BY-SND-P1-008-飞控与测控大厅底噪,SND,飞控与测控大厅设备底噪,P1,V1.2逐镜映射见data/阶段1_114镜资产调用映射_V1.2.csv,"场2,4,5,6,8,10,11,12,14,15,16；镜006,012,022,028,031,035,041,053,072,077,083,088,097,104,107,113",北京飞控、深空测控和搜救指挥空间中的克制设备与席位环境声。,不形成节奏性音乐。,常态任务；关键节点,低强度空调、设备风扇、键控与远距席位声,地球室内环境,随镜头视频同步生成,地面系统场次,V1.2剧本明确＋项目锁定＋公开工程资料边界,已确认生产方向,阶段2A重入后按生产包执行
BY-REL-P0-009-梦舟三座返航承载与环月工作位,REL,梦舟三座返航承载与环月工作位关系,P0,V1.2逐镜映射见data/阶段1_114镜资产调用映射_V1.2.csv,,三把座椅组成同一承力与操作系统；刘定槎从中央任务席使用前上方共享控制区。,相邻两张空座保留可识别边界，不增加第四个乘员位置。,三人承载；一人留守两座空置；三人归位,空间与岗位连续性,梦舟舱内任务光,梦舟所有舱内资产硬约束,第1、3、9、11—15场,V1.2剧本明确＋项目锁定＋公开工程资料边界,已确认生产方向,阶段2A重入后按生产包执行
BY-REL-P0-010-梦舟轴向转移顺序,REL,梦舟轴向通道人员／样品转移顺序,P0,V1.2逐镜映射见data/阶段1_114镜资产调用映射_V1.2.csv,,第一次先任务物品后人员；第二次先主样品容器后人员。,两侧舱门依次开闭并完成压差与密封检查。,首次转移；再对接转移,任务流程连续性,舱内任务光,通道场景和道具硬约束,第3、13场,V1.2剧本明确＋项目锁定＋公开工程资料边界,已确认生产方向,阶段2A重入后按生产包执行
BY-REL-P0-011-梦舟返地构型状态链,REL,梦舟月轨—地月转移—再入状态链,P0,V1.2逐镜映射见data/阶段1_114镜资产调用映射_V1.2.csv,,月轨组合体—地月转移点火—三天巡航—服务舱近地分离—返回舱跳跃式再入—群伞／气囊—搜救。,只有返回舱进入大气层。,完整返地链,航天器构型连续性,外部光源随环境切换,梦舟外部与再入资产硬约束,第14—16场,V1.2剧本明确＋项目锁定＋公开工程资料边界,已确认生产方向,阶段2A重入后按生产包执行
BY-REL-P0-012-月面艺术化光照与声明,REL,月面艺术化光照与推演声明关系,P0,V1.2逐镜映射见data/阶段1_114镜资产调用映射_V1.2.csv,,保留2029年4月8日和锁定坐标；画面采用艺术化任务日光；声明承担天文偏差。,生产光向不得被写成真实太阳方位。,片头声明；月面全段；片尾声明,光影／包装连续性,月面艺术化任务日光,阶段2A和阶段3禁止改写项,镜001、第5—11场、镜114,V1.2剧本明确＋项目锁定＋公开工程资料边界,用户已确认,所有月面资产和后期声明必须继承
BY-REL-P0-013-返回舱再入搜救状态链,REL,返回舱再入、着陆与搜救状态链,P0,V1.2逐镜映射见data/阶段1_114镜资产调用映射_V1.2.csv,,服务舱分离—两次再入—黑障—通信恢复—开伞—气囊着陆—安全检查—开舱—医学与样品接收。,不把航天员落地立即站立庆祝。,完整回收链,状态连续性,近地／大气／地面光影连续,再入与搜救资产硬约束,第15—16场,V1.2剧本明确＋项目锁定＋公开工程资料边界,已确认生产方向,阶段2A重入后按生产包执行
BY-REL-P1-004-地面测控接力链,REL,北京—佳木斯—喀什—VLBI测控接力链,P1,V1.2逐镜映射见data/阶段1_114镜资产调用映射_V1.2.csv,,北京总协调，佳木斯主链路，喀什备份与双目标，VLBI独立校核。,近月正面着陆区以直达链路为主。,交会；下降；月面；起飞；再交会；返回,系统关系,不适用,地面场景、声音和镜头装配约束,第1—15场,V1.2剧本明确＋项目锁定＋公开工程资料边界,已确认生产方向,阶段2A重入后按生产包执行
BY-REL-P1-005-小天AI权限边界,REL,小天AI权限边界,P1,V1.2逐镜映射见data/阶段1_114镜资产调用映射_V1.2.csv,,只做融合、预测、候选排序和异常提示；最终授权、选择与中止权属于乘组和北京。,禁止全自动AI决策。,交会；下降；复压；起飞；再入,对白与界面连续性,不适用,所有出现小天的镜头硬约束,全片,V1.2剧本明确＋项目锁定＋公开工程资料边界,已确认生产方向,阶段2A重入后按生产包执行
BY-REL-P1-006-月面科学路线与样品链,REL,月面科学路线与样品编号链,P1,V1.2逐镜映射见data/阶段1_114镜资产调用映射_V1.2.csv,,月球车路线、地面地质建议、编号采样、封装、主容器和回收接收闭环。,地质结论保持审慎。,路线；采样；封装；转移；接收,道具／场景／后期连续性,艺术化任务日光,月面科学任务装配约束,第9—10、13、16场,V1.2剧本明确＋项目锁定＋公开工程资料边界,已确认生产方向,阶段2A重入后按生产包执行
